{
    "name": "root",
    "gauges": {
        "MoveToTarget.Policy.Entropy.mean": {
            "value": 1.3262898921966553,
            "min": 1.2130799293518066,
            "max": 1.996249794960022,
            "count": 200
        },
        "MoveToTarget.Policy.Entropy.sum": {
            "value": 13262.8984375,
            "min": 12130.798828125,
            "max": 19962.498046875,
            "count": 200
        },
        "MoveToTarget.Step.mean": {
            "value": 1999955.0,
            "min": 9976.0,
            "max": 1999955.0,
            "count": 200
        },
        "MoveToTarget.Step.sum": {
            "value": 1999955.0,
            "min": 9976.0,
            "max": 1999955.0,
            "count": 200
        },
        "MoveToTarget.Policy.ExtrinsicValueEstimate.mean": {
            "value": -0.5933309197425842,
            "min": -1.1935820579528809,
            "max": -0.19079725444316864,
            "count": 200
        },
        "MoveToTarget.Policy.ExtrinsicValueEstimate.sum": {
            "value": -118.66618347167969,
            "min": -238.71641540527344,
            "max": -38.15945053100586,
            "count": 200
        },
        "MoveToTarget.Environment.EpisodeLength.mean": {
            "value": 99.0,
            "min": 92.87735849056604,
            "max": 103.60416666666667,
            "count": 200
        },
        "MoveToTarget.Environment.EpisodeLength.sum": {
            "value": 9900.0,
            "min": 9813.0,
            "max": 9976.0,
            "count": 200
        },
        "MoveToTarget.Environment.CumulativeReward.mean": {
            "value": -0.897699930369854,
            "min": -1.3506666078579193,
            "max": -0.2831631661677847,
            "count": 200
        },
        "MoveToTarget.Environment.CumulativeReward.sum": {
            "value": -89.7699930369854,
            "min": -142.8599949479103,
            "max": -27.7499902844429,
            "count": 200
        },
        "MoveToTarget.Policy.ExtrinsicReward.mean": {
            "value": -0.897699930369854,
            "min": -1.3506666078579193,
            "max": -0.2831631661677847,
            "count": 200
        },
        "MoveToTarget.Policy.ExtrinsicReward.sum": {
            "value": -89.7699930369854,
            "min": -142.8599949479103,
            "max": -27.7499902844429,
            "count": 200
        },
        "MoveToTarget.Losses.PolicyLoss.mean": {
            "value": 0.2453600018416189,
            "min": 0.23557291161173802,
            "max": 0.2559784946210654,
            "count": 200
        },
        "MoveToTarget.Losses.PolicyLoss.sum": {
            "value": 16.439120123388467,
            "min": 15.783385077986447,
            "max": 17.361692158481258,
            "count": 200
        },
        "MoveToTarget.Losses.ValueLoss.mean": {
            "value": 0.14337379504116782,
            "min": 0.013051048942777522,
            "max": 6.359027365835106,
            "count": 200
        },
        "MoveToTarget.Losses.ValueLoss.sum": {
            "value": 9.606044267758243,
            "min": 0.874420279166094,
            "max": 419.69580614511705,
            "count": 200
        },
        "MoveToTarget.Policy.LearningRate.mean": {
            "value": 7.557840764634324e-07,
            "min": 7.557840764634324e-07,
            "max": 0.00029924522752431814,
            "count": 200
        },
        "MoveToTarget.Policy.LearningRate.sum": {
            "value": 5.0637533123049975e-05,
            "min": 5.0637533123049975e-05,
            "max": 0.0202470447509851,
            "count": 200
        },
        "MoveToTarget.Policy.Epsilon.mean": {
            "value": 0.10025189477611941,
            "min": 0.10025189477611941,
            "max": 0.1997484090909091,
            "count": 200
        },
        "MoveToTarget.Policy.Epsilon.sum": {
            "value": 6.7168769500000005,
            "min": 6.6495429,
            "max": 13.549014900000003,
            "count": 200
        },
        "MoveToTarget.Policy.Beta.mean": {
            "value": 0.0005,
            "min": 0.0005,
            "max": 0.0005,
            "count": 200
        },
        "MoveToTarget.Policy.Beta.sum": {
            "value": 0.0335,
            "min": 0.033,
            "max": 0.0345,
            "count": 200
        },
        "MoveToTarget.IsTraining.mean": {
            "value": 1.0,
            "min": 1.0,
            "max": 1.0,
            "count": 200
        },
        "MoveToTarget.IsTraining.sum": {
            "value": 1.0,
            "min": 1.0,
            "max": 1.0,
            "count": 200
        }
    },
    "metadata": {
        "timer_format_version": "0.1.0",
        "start_time_seconds": "1690498753",
        "python_version": "3.9.13 (tags/v3.9.13:6de2ca5, May 17 2022, 16:36:42) [MSC v.1929 64 bit (AMD64)]",
        "command_line_arguments": "C:\\Users\\vitor\\SimuladorDeDirecao\\venv\\Scripts\\mlagents-learn config/carsim.yaml --run-id=CarSim5.1",
        "mlagents_version": "0.30.0",
        "mlagents_envs_version": "0.30.0",
        "communication_protocol_version": "1.5.0",
        "pytorch_version": "1.7.1+cpu",
        "numpy_version": "1.21.2",
        "end_time_seconds": "1690512124"
    },
    "total": 13370.526764299999,
    "count": 1,
    "self": 0.015556899998045992,
    "children": {
        "run_training.setup": {
            "total": 0.0765264,
            "count": 1,
            "self": 0.0765264
        },
        "TrainerController.start_learning": {
            "total": 13370.434681,
            "count": 1,
            "self": 22.300011698896924,
            "children": {
                "TrainerController._reset_env": {
                    "total": 5.7326703,
                    "count": 1,
                    "self": 5.7326703
                },
                "TrainerController.advance": {
                    "total": 13342.361291701103,
                    "count": 2018644,
                    "self": 21.2223249002418,
                    "children": {
                        "env_step": {
                            "total": 11295.198406000802,
                            "count": 2018644,
                            "self": 9820.165934302537,
                            "children": {
                                "SubprocessEnvManager._take_step": {
                                    "total": 1460.5268609996065,
                                    "count": 2018644,
                                    "self": 59.69126689996119,
                                    "children": {
                                        "TorchPolicy.evaluate": {
                                            "total": 1400.8355940996453,
                                            "count": 2000019,
                                            "self": 1400.8355940996453
                                        }
                                    }
                                },
                                "workers": {
                                    "total": 14.505610698658348,
                                    "count": 2018644,
                                    "self": 0.0,
                                    "children": {
                                        "worker_root": {
                                            "total": 13336.95818799958,
                                            "count": 2018644,
                                            "is_parallel": true,
                                            "self": 4467.805713999727,
                                            "children": {
                                                "steps_from_proto": {
                                                    "total": 0.0002871000000004287,
                                                    "count": 1,
                                                    "is_parallel": true,