{
    "name": "root",
    "gauges": {
        "MoveToTarget.Policy.Entropy.mean": {
            "value": 0.404927521944046,
            "min": 0.3856390416622162,
            "max": 1.3721052408218384,
            "count": 170
        },
        "MoveToTarget.Policy.Entropy.sum": {
            "value": 4070.33154296875,
            "min": 1257.786376953125,
            "max": 13861.0068359375,
            "count": 170
        },
        "MoveToTarget.Step.mean": {
            "value": 1999946.0,
            "min": 309956.0,
            "max": 1999946.0,
            "count": 170
        },
        "MoveToTarget.Step.sum": {
            "value": 1999946.0,
            "min": 309956.0,
            "max": 1999946.0,
            "count": 170
        },
        "MoveToTarget.Policy.ExtrinsicValueEstimate.mean": {
            "value": 5.491035461425781,
            "min": -3.3795113563537598,
            "max": 7.357440948486328,
            "count": 170
        },
        "MoveToTarget.Policy.ExtrinsicValueEstimate.sum": {
            "value": 1070.751953125,
            "min": -544.101318359375,
            "max": 1493.560546875,
            "count": 170
        },
        "MoveToTarget.Losses.PolicyLoss.mean": {
            "value": 0.24321709547589815,
            "min": 0.23465152270375575,
            "max": 0.25299288611631565,
            "count": 170
        },
        "MoveToTarget.Losses.PolicyLoss.sum": {
            "value": 17.998065065216462,
            "min": 1.1744569170114119,
            "max": 20.059361767410373,
            "count": 170
        },
        "MoveToTarget.Losses.ValueLoss.mean": {
            "value": 7.862147617336205,
            "min": 0.8489472967542526,
            "max": 12.115785642137809,
            "count": 170
        },
        "MoveToTarget.Losses.ValueLoss.sum": {
            "value": 581.7989236828791,
            "min": 10.469449665293926,
            "max": 920.7997088024734,
            "count": 170
        },
        "MoveToTarget.Policy.LearningRate.mean": {
            "value": 7.617673136783783e-07,
            "min": 7.617673136783783e-07,
            "max": 0.0002535546154818,
            "count": 170
        },
        "MoveToTarget.Policy.LearningRate.sum": {
            "value": 5.6370781212199995e-05,
            "min": 5.6370781212199995e-05,
            "max": 0.020220336209888348,
            "count": 170
        },
        "MoveToTarget.Policy.Epsilon.mean": {
            "value": 0.10025388918918919,
            "min": 0.10025388918918919,
            "max": 0.18451820000000002,
            "count": 170
        },
        "MoveToTarget.Policy.Epsilon.sum": {
            "value": 7.4187878000000005,
            "min": 0.922591,
            "max": 14.740111650000003,
            "count": 170
        },
        "MoveToTarget.Policy.Beta.mean": {
            "value": 0.0005000000000000001,
            "min": 0.0005,
            "max": 0.0005000000000000001,
            "count": 170
        },
        "MoveToTarget.Policy.Beta.sum": {
            "value": 0.037000000000000005,
            "min": 0.0025,
            "max": 0.04050000000000001,
            "count": 170
        },
        "MoveToTarget.IsTraining.mean": {
            "value": 1.0,
            "min": 1.0,
            "max": 1.0,
            "count": 170
        },
        "MoveToTarget.IsTraining.sum": {
            "value": 1.0,
            "min": 1.0,
            "max": 1.0,
            "count": 170
        },
        "MoveToTarget.Environment.EpisodeLength.mean": {
            "value": 128.76623376623377,
            "min": 107.87234042553192,
            "max": 249.0,
            "count": 169
        },
        "MoveToTarget.Environment.EpisodeLength.sum": {
            "value": 9915.0,
            "min": 9248.0,
            "max": 10710.0,
            "count": 169
        },
        "MoveToTarget.Environment.CumulativeReward.mean": {
            "value": 17.659949095218213,
            "min": -3.1681955878327535,
            "max": 20.52824494460734,
            "count": 169
        },
        "MoveToTarget.Environment.CumulativeReward.sum": {
            "value": 1359.8160803318024,
            "min": -129.89601910114288,
            "max": 1797.8380936980247,
            "count": 169
        },
        "MoveToTarget.Policy.ExtrinsicReward.mean": {
            "value": 17.659949095218213,
            "min": -3.1681955878327535,
            "max": 20.52824494460734,
            "count": 169
        },
        "MoveToTarget.Policy.ExtrinsicReward.sum": {
            "value": 1359.8160803318024,
            "min": -129.89601910114288,
            "max": 1797.8380936980247,
            "count": 169
        }
    },
    "metadata": {
        "timer_format_version": "0.1.0",
        "start_time_seconds": "1692323821",
        "python_version": "3.9.13 (main, Aug 12 2023, 09:56:37) \n[GCC 13.2.1 20230801]",
        "command_line_arguments": "/home/vitor/Documents/repos/SimuladorDeConducao/venv/bin/mlagents-learn config/carsim.yaml --env=Build/CarSim --run-id=CarSim6.2.3_ALL_ArchL --num-envs=8 --resume",
        "mlagents_version": "0.30.0",
        "mlagents_envs_version": "0.30.0",
        "communication_protocol_version": "1.5.0",
        "pytorch_version": "1.11.0+cpu",
        "numpy_version": "1.21.2",
        "end_time_seconds": "1692327754"
    },
    "total": 3933.338604539,
    "count": 1,
    "self": 0.37127547499949287,
    "children": {
        "run_training.setup": {
            "total": 0.03569835100000063,
            "count": 1,
            "self": 0.03569835100000063
        },
        "TrainerController.start_learning": {
            "total": 3932.9316307130002,
            "count": 1,
            "self": 11.779296535078174,
            "children": {
                "TrainerController._reset_env": {
                    "total": 3.9780208609999974,
                    "count": 1,
                    "self": 3.9780208609999974
                },
                "TrainerController.advance": {
                    "total": 3917.1082628139216,
                    "count": 373338,
                    "self": 7.482735536095333,
                    "children": {
                        "env_step": {
                            "total": 2106.602412057948,
                            "count": 373338,
                            "self": 758.2860393651981,
                            "children": {
                                "SubprocessEnvManager._take_step": {
                                    "total": 1335.9804793818982,
                                    "count": 1699319,
                                    "self": 76.16578656866932,
                                    "children": {
                                        "TorchPolicy.evaluate": {
                                            "total": 1259.814692813229,
                                            "count": 1690974,
                                            "self": 1259.814692813229
                                        }
                                    }
                                },
                                "workers": {
                                    "total": 12.335893310851873,
                                    "count": 373338,
                                    "self": 0.0,
                                    "children": {
                                        "worker_root": {
                                            "total": 31419.84644992235,
                                            "count": 1699316,
                                            "is_parallel": true,
                                            "self": 25694.63065627569,
                                            "children": {
                                                "run_training.setup": {
                                                    "total": 0.0,
                                                    "count": 0,