{
    "name": "root",
    "gauges": {
        "MoveToTarget.Policy.Entropy.mean": {
            "value": 2.0791192054748535,
            "min": 2.0069971084594727,
            "max": 2.113996982574463,
            "count": 538
        },
        "MoveToTarget.Policy.Entropy.sum": {
            "value": 20851.486328125,
            "min": 20062.23046875,
            "max": 21139.970703125,
            "count": 538
        },
        "MoveToTarget.Step.mean": {
            "value": 5379965.0,
            "min": 9984.0,
            "max": 5379965.0,
            "count": 538
        },
        "MoveToTarget.Step.sum": {
            "value": 5379965.0,
            "min": 9984.0,
            "max": 5379965.0,
            "count": 538
        },
        "MoveToTarget.Policy.ExtrinsicValueEstimate.mean": {
            "value": -0.1863146722316742,
            "min": -0.37360525131225586,
            "max": -0.04289108142256737,
            "count": 538
        },
        "MoveToTarget.Policy.ExtrinsicValueEstimate.sum": {
            "value": -46.57866668701172,
            "min": -93.53793334960938,
            "max": -10.679879188537598,
            "count": 538
        },
        "MoveToTarget.Environment.EpisodeLength.mean": {
            "value": 74.97727272727273,
            "min": 68.94405594405595,
            "max": 79.0,
            "count": 538
        },
        "MoveToTarget.Environment.EpisodeLength.sum": {
            "value": 9897.0,
            "min": 9763.0,
            "max": 9964.0,
            "count": 538
        },
        "MoveToTarget.Environment.CumulativeReward.mean": {
            "value": -0.06666862723332914,
            "min": -0.323186804008271,
            "max": 0.1499512761857518,
            "count": 538
        },
        "MoveToTarget.Environment.CumulativeReward.sum": {
            "value": -8.800258794799447,
            "min": -40.72153730504215,
            "max": 21.293081218376756,
            "count": 538
        },
        "MoveToTarget.Policy.ExtrinsicReward.mean": {
            "value": -0.06666862723332914,
            "min": -0.323186804008271,
            "max": 0.1499512761857518,
            "count": 538
        },
        "MoveToTarget.Policy.ExtrinsicReward.sum": {
            "value": -8.800258794799447,
            "min": -40.72153730504215,
            "max": 21.293081218376756,
            "count": 538
        },
        "MoveToTarget.IsTraining.mean": {
            "value": 1.0,
            "min": 1.0,
            "max": 1.0,
            "count": 538
        },
        "MoveToTarget.IsTraining.sum": {
            "value": 1.0,
            "min": 1.0,
            "max": 1.0,
            "count": 538
        },
        "MoveToTarget.Losses.PolicyLoss.mean": {
            "value": 0.0243270634469809,
            "min": 0.015198133851208695,
            "max": 0.0297222822351614,
            "count": 523
        },
        "MoveToTarget.Losses.PolicyLoss.sum": {
            "value": 0.0243270634469809,
            "min": 0.015198133851208695,
            "max": 0.0297222822351614,
            "count": 523
        },
        "MoveToTarget.Losses.ValueLoss.mean": {
            "value": 0.055159747833386064,
            "min": 0.0002505091622879263,
            "max": 0.20578158586286008,
            "count": 523
        },
        "MoveToTarget.Losses.ValueLoss.sum": {
            "value": 0.055159747833386064,
            "min": 0.0002505091622879263,
            "max": 0.20578158586286008,
            "count": 523
        },
        "MoveToTarget.Policy.LearningRate.mean": {
            "value": 7.314786852400002e-06,
            "min": 7.314786852400002e-06,
            "max": 9.99484805152e-06,
            "count": 523
        },
        "MoveToTarget.Policy.LearningRate.sum": {
            "value": 7.314786852400002e-06,
            "min": 7.314786852400002e-06,
            "max": 9.99484805152e-06,
            "count": 523
        },
        "MoveToTarget.Policy.Epsilon.mean": {
            "value": 0.17314760000000004,
            "min": 0.17314760000000004,
            "max": 0.19994848,
            "count": 523
        },
        "MoveToTarget.Policy.Epsilon.sum": {
            "value": 0.17314760000000004,
            "min": 0.17314760000000004,
            "max": 0.19994848,
            "count": 523
        },
        "MoveToTarget.Policy.Beta.mean": {
            "value": 0.004999999999999999,
            "min": 0.004999999999999999,
            "max": 0.004999999999999999,
            "count": 523
        },
        "MoveToTarget.Policy.Beta.sum": {
            "value": 0.004999999999999999,
            "min": 0.004999999999999999,
            "max": 0.004999999999999999,
            "count": 523
        }
    },
    "metadata": {
        "timer_format_version": "0.1.0",
        "start_time_seconds": "1699261857",
        "python_version": "3.9.13 (main, Aug 12 2023, 09:56:37) \n[GCC 13.2.1 20230801]",
        "command_line_arguments": "/home/vitor/Documents/repos/SimuladorDeConducao/venv/bin/mlagents-learn config/carsimPPO_fast.yaml --env=Build/CarSim_GERAL --run-id=CarSimPPO1.3.5-GERAL",
        "mlagents_version": "0.30.0",
        "mlagents_envs_version": "0.30.0",
        "communication_protocol_version": "1.5.0",
        "pytorch_version": "1.11.0+cpu",
        "numpy_version": "1.21.2",
        "end_time_seconds": "1699318310"
    },
    "total": 56453.171096141,
    "count": 1,
    "self": 0.1675424120039679,
    "children": {
        "run_training.setup": {
            "total": 0.01608038999256678,
            "count": 1,
            "self": 0.01608038999256678
        },
        "TrainerController.start_learning": {
            "total": 56452.987473339,
            "count": 1,
            "self": 58.0713931814098,
            "children": {
                "TrainerController._reset_env": {
                    "total": 3.328568387994892,
                    "count": 1,
                    "self": 3.328568387994892
                },
                "TrainerController.advance": {
                    "total": 56391.5372311666,
                    "count": 5441149,
                    "self": 59.29665657093574,
                    "children": {
                        "env_step": {
                            "total": 53387.147407425015,
                            "count": 5441149,
                            "self": 50581.182404012696,
                            "children": {
                                "SubprocessEnvManager._take_step": {
                                    "total": 2768.9765430939588,
                                    "count": 5441149,
                                    "self": 168.14984538841236,
                                    "children": {
                                        "TorchPolicy.evaluate": {
                                            "total": 2600.8266977055464,
                                            "count": 5380725,
                                            "self": 2600.8266977055464
                                        }
                                    }
                                },
                                "workers": {
                                    "total": 36.98846031836001,
                                    "count": 5441149,
                                    "self": 0.0,
                                    "children": {
                                        "worker_root": {
                                            "total": 56374.53596342,
                                            "count": 5441149,
                                            "is_parallel": true,
                                            "self": 8219.348538481048,
                                            "children": {
                                                "run_training.setup": {
                                                    "total": 0.0,
                                                    "count": 0,