{
    "name": "root",
    "gauges": {
        "MoveToTarget.Policy.Entropy.mean": {
            "value": 1.3336764574050903,
            "min": 1.3336764574050903,
            "max": 2.1120617389678955,
            "count": 50
        },
        "MoveToTarget.Policy.Entropy.sum": {
            "value": 13307.423828125,
            "min": 13307.423828125,
            "max": 21120.6171875,
            "count": 50
        },
        "MoveToTarget.Step.mean": {
            "value": 499967.0,
            "min": 9984.0,
            "max": 499967.0,
            "count": 50
        },
        "MoveToTarget.Step.sum": {
            "value": 499967.0,
            "min": 9984.0,
            "max": 499967.0,
            "count": 50
        },
        "MoveToTarget.Policy.ExtrinsicValueEstimate.mean": {
            "value": 1.14652681350708,
            "min": -0.1869117170572281,
            "max": 1.148059606552124,
            "count": 50
        },
        "MoveToTarget.Policy.ExtrinsicValueEstimate.sum": {
            "value": 308.41571044921875,
            "min": -46.727928161621094,
            "max": 310.32940673828125,
            "count": 50
        },
        "MoveToTarget.Environment.EpisodeLength.mean": {
            "value": 36.09293680297398,
            "min": 35.8929889298893,
            "max": 79.0,
            "count": 50
        },
        "MoveToTarget.Environment.EpisodeLength.sum": {
            "value": 9709.0,
            "min": 9706.0,
            "max": 9903.0,
            "count": 50
        },
        "MoveToTarget.Environment.CumulativeReward.mean": {
            "value": 1.4821747359733155,
            "min": -0.7019509897837716,
            "max": 1.4851660644876121,
            "count": 50
        },
        "MoveToTarget.Environment.CumulativeReward.sum": {
            "value": 398.7050039768219,
            "min": -87.04192273318768,
            "max": 402.4800034761429,
            "count": 50
        },
        "MoveToTarget.Policy.ExtrinsicReward.mean": {
            "value": 1.4821747359733155,
            "min": -0.7019509897837716,
            "max": 1.4851660644876121,
            "count": 50
        },
        "MoveToTarget.Policy.ExtrinsicReward.sum": {
            "value": 398.7050039768219,
            "min": -87.04192273318768,
            "max": 402.4800034761429,
            "count": 50
        },
        "MoveToTarget.IsTraining.mean": {
            "value": 1.0,
            "min": 1.0,
            "max": 1.0,
            "count": 50
        },
        "MoveToTarget.IsTraining.sum": {
            "value": 1.0,
            "min": 1.0,
            "max": 1.0,
            "count": 50
        },
        "MoveToTarget.Losses.PolicyLoss.mean": {
            "value": 0.023831579420220805,
            "min": 0.018685117982386146,
            "max": 0.02805109297405579,
            "count": 48
        },
        "MoveToTarget.Losses.PolicyLoss.sum": {
            "value": 0.023831579420220805,
            "min": 0.018685117982386146,
            "max": 0.02805109297405579,
            "count": 48
        },
        "MoveToTarget.Losses.ValueLoss.mean": {
            "value": 0.0018555195376393386,
            "min": 0.0005663078165525804,
            "max": 0.07600473118945957,
            "count": 48
        },
        "MoveToTarget.Losses.ValueLoss.sum": {
            "value": 0.0018555195376393386,
            "min": 0.0005663078165525804,
            "max": 0.07600473118945957,
            "count": 48
        },
        "MoveToTarget.Policy.LearningRate.mean": {
            "value": 1.465498534599995e-06,
            "min": 1.465498534599995e-06,
            "max": 9.793920206079999e-05,
            "count": 48
        },
        "MoveToTarget.Policy.LearningRate.sum": {
            "value": 1.465498534599995e-06,
            "min": 1.465498534599995e-06,
            "max": 9.793920206079999e-05,
            "count": 48
        },
        "MoveToTarget.Policy.Epsilon.mean": {
            "value": 0.10146540000000001,
            "min": 0.10146540000000001,
            "max": 0.1979392,
            "count": 48
        },
        "MoveToTarget.Policy.Epsilon.sum": {
            "value": 0.10146540000000001,
            "min": 0.10146540000000001,
            "max": 0.1979392,
            "count": 48
        },
        "MoveToTarget.Policy.Beta.mean": {
            "value": 0.0010000000000000002,
            "min": 0.0010000000000000002,
            "max": 0.0010000000000000002,
            "count": 48
        },
        "MoveToTarget.Policy.Beta.sum": {
            "value": 0.0010000000000000002,
            "min": 0.0010000000000000002,
            "max": 0.0010000000000000002,
            "count": 48
        }
    },
    "metadata": {
        "timer_format_version": "0.1.0",
        "start_time_seconds": "1699723571",
        "python_version": "3.9.13 (main, Aug 12 2023, 09:56:37) \n[GCC 13.2.1 20230801]",
        "command_line_arguments": "/home/vitor/Documents/repos/SimuladorDeConducao/venv/bin/mlagents-learn config/carsimPPO_fast.yaml --run-id=CarSimPPO3.0_Path2 --force",
        "mlagents_version": "0.30.0",
        "mlagents_envs_version": "0.30.0",
        "communication_protocol_version": "1.5.0",
        "pytorch_version": "1.11.0+cpu",
        "numpy_version": "1.21.2",
        "end_time_seconds": "1699728634"
    },
    "total": 5063.073532633,
    "count": 1,
    "self": 0.00463825300175813,
    "children": {
        "run_training.setup": {
            "total": 0.021252329999697395,
            "count": 1,
            "self": 0.021252329999697395
        },
        "TrainerController.start_learning": {
            "total": 5063.047642049998,
            "count": 1,
            "self": 8.121054553390422,
            "children": {
                "TrainerController._reset_env": {
                    "total": 6.697054094998748,
                    "count": 1,
                    "self": 6.697054094998748
                },
                "TrainerController.advance": {
                    "total": 5048.184007750609,
                    "count": 509328,
                    "self": 7.526134660856769,
                    "children": {
                        "env_step": {
                            "total": 4709.303701075631,
                            "count": 509328,
                            "self": 4379.705888480115,
                            "children": {
                                "SubprocessEnvManager._take_step": {
                                    "total": 324.7886966671831,
                                    "count": 509328,
                                    "self": 17.945339052956115,
                                    "children": {
                                        "TorchPolicy.evaluate": {
                                            "total": 306.843357614227,
                                            "count": 500004,
                                            "self": 306.843357614227
                                        }
                                    }
                                },
                                "workers": {
                                    "total": 4.809115928332176,
                                    "count": 509328,
                                    "self": 0.0,
                                    "children": {
                                        "worker_root": {
                                            "total": 5053.469581913159,
                                            "count": 509328,
                                            "is_parallel": true,
                                            "self": 966.5875083274695,
                                            "children": {
                                                "run_training.setup": {
                                                    "total": 0.0,
                                                    "count": 0,