{
    "name": "root",
    "gauges": {
        "MoveToTarget.Policy.Entropy.mean": {
            "value": 1.5418062210083008,
            "min": 1.456116795539856,
            "max": 2.0011446475982666,
            "count": 50
        },
        "MoveToTarget.Policy.Entropy.sum": {
            "value": 15300.884765625,
            "min": 14555.34375,
            "max": 20411.67578125,
            "count": 50
        },
        "MoveToTarget.Step.mean": {
            "value": 499977.0,
            "min": 9986.0,
            "max": 499977.0,
            "count": 50
        },
        "MoveToTarget.Step.sum": {
            "value": 499977.0,
            "min": 9986.0,
            "max": 499977.0,
            "count": 50
        },
        "MoveToTarget.Policy.ExtrinsicValueEstimate.mean": {
            "value": -4.024850368499756,
            "min": -6.191084861755371,
            "max": -0.5340774059295654,
            "count": 50
        },
        "MoveToTarget.Policy.ExtrinsicValueEstimate.sum": {
            "value": -800.9451904296875,
            "min": -1244.4080810546875,
            "max": -105.74732208251953,
            "count": 50
        },
        "MoveToTarget.Losses.PolicyLoss.mean": {
            "value": 0.24547798443261726,
            "min": 0.2360740506138443,
            "max": 0.2534537940729394,
            "count": 50
        },
        "MoveToTarget.Losses.PolicyLoss.sum": {
            "value": 17.428936894715825,
            "min": 9.377790380698757,
            "max": 19.366331946020367,
            "count": 50
        },
        "MoveToTarget.Losses.ValueLoss.mean": {
            "value": 112.40083857858868,
            "min": 0.015116224430096567,
            "max": 112.50732304261604,
            "count": 50
        },
        "MoveToTarget.Losses.ValueLoss.sum": {
            "value": 7980.459539079796,
            "min": 0.7558112215048284,
            "max": 8325.541905153586,
            "count": 50
        },
        "MoveToTarget.Policy.LearningRate.mean": {
            "value": 2.9986708314619734e-06,
            "min": 2.9986708314619734e-06,
            "max": 0.0002966837524567675,
            "count": 50
        },
        "MoveToTarget.Policy.LearningRate.sum": {
            "value": 0.00021290562903380011,
            "min": 0.00021290562903380011,
            "max": 0.018019858193380797,
            "count": 50
        },
        "MoveToTarget.Policy.Epsilon.mean": {
            "value": 0.10099952394366198,
            "min": 0.10099952394366198,
            "max": 0.19889458378378383,
            "count": 50
        },
        "MoveToTarget.Policy.Epsilon.sum": {
            "value": 7.1709662000000005,
            "min": 6.901448599999999,
            "max": 12.6627278,
            "count": 50
        },
        "MoveToTarget.Policy.Beta.mean": {
            "value": 0.0005,
            "min": 0.0005,
            "max": 0.0005000000000000001,
            "count": 50
        },
        "MoveToTarget.Policy.Beta.sum": {
            "value": 0.035500000000000004,
            "min": 0.018500000000000006,
            "max": 0.03950000000000001,
            "count": 50
        },
        "MoveToTarget.Environment.EpisodeLength.mean": {
            "value": 102.60204081632654,
            "min": 99.0,
            "max": 102.60204081632654,
            "count": 50
        },
        "MoveToTarget.Environment.EpisodeLength.sum": {
            "value": 10055.0,
            "min": 9658.0,
            "max": 10121.0,
            "count": 50
        },
        "MoveToTarget.Environment.CumulativeReward.mean": {
            "value": -7.130659755665002,
            "min": -12.384019549382796,
            "max": -1.1498019168577571,
            "count": 50
        },
        "MoveToTarget.Environment.CumulativeReward.sum": {
            "value": -691.6739962995052,
            "min": -1250.7859744876623,
            "max": -115.01199436187744,
            "count": 50
        },
        "MoveToTarget.Policy.ExtrinsicReward.mean": {
            "value": -7.130659755665002,
            "min": -12.384019549382796,
            "max": -1.1498019168577571,
            "count": 50
        },
        "MoveToTarget.Policy.ExtrinsicReward.sum": {
            "value": -691.6739962995052,
            "min": -1250.7859744876623,
            "max": -115.01199436187744,
            "count": 50
        },
        "MoveToTarget.IsTraining.mean": {
            "value": 1.0,
            "min": 1.0,
            "max": 1.0,
            "count": 50
        },
        "MoveToTarget.IsTraining.sum": {
            "value": 1.0,
            "min": 1.0,
            "max": 1.0,
            "count": 50
        }
    },
    "metadata": {
        "timer_format_version": "0.1.0",
        "start_time_seconds": "1688554009",
        "python_version": "3.9.13 (tags/v3.9.13:6de2ca5, May 17 2022, 16:36:42) [MSC v.1929 64 bit (AMD64)]",
        "command_line_arguments": "C:\\Users\\vitor\\SimuladorDeDirecao\\venv\\Scripts\\mlagents-learn config/carsim.yaml.txt --run-id=CarSim3.0",
        "mlagents_version": "0.30.0",
        "mlagents_envs_version": "0.30.0",
        "communication_protocol_version": "1.5.0",
        "pytorch_version": "1.7.1+cpu",
        "numpy_version": "1.21.2",
        "end_time_seconds": "1688555371"
    },
    "total": 1362.3744663,
    "count": 1,
    "self": 0.005662000000029366,
    "children": {
        "run_training.setup": {
            "total": 0.06377789999999994,
            "count": 1,
            "self": 0.06377789999999994
        },
        "TrainerController.start_learning": {
            "total": 1362.3050263999999,
            "count": 1,
            "self": 1.2850874999835469,
            "children": {
                "TrainerController._reset_env": {
                    "total": 5.3552077,
                    "count": 1,
                    "self": 5.3552077
                },
                "TrainerController.advance": {
                    "total": 1355.6240847000165,
                    "count": 87422,
                    "self": 1.208145400026524,
                    "children": {
                        "env_step": {
                            "total": 840.8285349000041,
                            "count": 87422,
                            "self": 762.6115084000318,
                            "children": {
                                "SubprocessEnvManager._take_step": {
                                    "total": 77.43439199998315,
                                    "count": 87422,
                                    "self": 2.985201899965844,
                                    "children": {
                                        "TorchPolicy.evaluate": {
                                            "total": 74.4491901000173,
                                            "count": 83354,
                                            "self": 74.4491901000173
                                        }
                                    }
                                },
                                "workers": {
                                    "total": 0.7826344999891912,
                                    "count": 87422,
                                    "self": 0.0,
                                    "children": {
                                        "worker_root": {
                                            "total": 1355.2989907000028,
                                            "count": 87422,
                                            "is_parallel": true,
                                            "self": 652.5395811999907,
                                            "children": {
                                                "steps_from_proto": {
                                                    "total": 0.00033499999999975216,
                                                    "count": 1,
                                                    "is_parallel": true,