{
    "name": "root",
    "gauges": {
        "MoveToTarget.Policy.Entropy.mean": {
            "value": 1.3098902702331543,
            "min": 1.3043837547302246,
            "max": 1.3679507970809937,
            "count": 21
        },
        "MoveToTarget.Policy.Entropy.sum": {
            "value": 26197.8046875,
            "min": 41.61882781982422,
            "max": 27353.54296875,
            "count": 21
        },
        "MoveToTarget.Environment.EpisodeLength.mean": {
            "value": 30.39717425431711,
            "min": 29.79230769230769,
            "max": 33.18119658119658,
            "count": 21
        },
        "MoveToTarget.Environment.EpisodeLength.sum": {
            "value": 19363.0,
            "min": 30.0,
            "max": 19433.0,
            "count": 21
        },
        "MoveToTarget.IsTraining.mean": {
            "value": 1.0,
            "min": 1.0,
            "max": 1.0,
            "count": 21
        },
        "MoveToTarget.IsTraining.sum": {
            "value": 1.0,
            "min": 1.0,
            "max": 1.0,
            "count": 21
        },
        "MoveToTarget.Step.mean": {
            "value": 799995.0,
            "min": 419976.0,
            "max": 799995.0,
            "count": 20
        },
        "MoveToTarget.Step.sum": {
            "value": 799995.0,
            "min": 419976.0,
            "max": 799995.0,
            "count": 20
        },
        "MoveToTarget.Policy.ExtrinsicValueEstimate.mean": {
            "value": 1.180878758430481,
            "min": 1.0323313474655151,
            "max": 1.2057034969329834,
            "count": 20
        },
        "MoveToTarget.Policy.ExtrinsicValueEstimate.sum": {
            "value": 760.4859008789062,
            "min": 646.2394409179688,
            "max": 784.9129638671875,
            "count": 20
        },
        "MoveToTarget.Environment.CumulativeReward.mean": {
            "value": 1.4800615105748738,
            "min": 1.3316317927251515,
            "max": 1.5043929721529667,
            "count": 20
        },
        "MoveToTarget.Environment.CumulativeReward.sum": {
            "value": 942.7991822361946,
            "min": 779.0045987442136,
            "max": 977.8554318994284,
            "count": 20
        },
        "MoveToTarget.Policy.ExtrinsicReward.mean": {
            "value": 1.4800615105748738,
            "min": 1.3316317927251515,
            "max": 1.5043929721529667,
            "count": 20
        },
        "MoveToTarget.Policy.ExtrinsicReward.sum": {
            "value": 942.7991822361946,
            "min": 779.0045987442136,
            "max": 977.8554318994284,
            "count": 20
        },
        "MoveToTarget.Losses.PolicyLoss.mean": {
            "value": 0.026225485494524036,
            "min": 0.020539413638562112,
            "max": 0.026225485494524036,
            "count": 20
        },
        "MoveToTarget.Losses.PolicyLoss.sum": {
            "value": 0.05245097098904807,
            "min": 0.02253492278396152,
            "max": 0.05245097098904807,
            "count": 20
        },
        "MoveToTarget.Losses.ValueLoss.mean": {
            "value": 0.007226566519238986,
            "min": 0.002937277230375912,
            "max": 0.02998937526717782,
            "count": 20
        },
        "MoveToTarget.Losses.ValueLoss.sum": {
            "value": 0.014453133038477972,
            "min": 0.005874554460751824,
            "max": 0.05997875053435564,
            "count": 20
        },
        "MoveToTarget.Policy.LearningRate.mean": {
            "value": 6.416618584374983e-07,
            "min": 6.416618584374983e-07,
            "max": 4.8718676281375e-05,
            "count": 20
        },
        "MoveToTarget.Policy.LearningRate.sum": {
            "value": 1.2833237168749966e-06,
            "min": 1.2833237168749966e-06,
            "max": 9.359673140337502e-05,
            "count": 20
        },
        "MoveToTarget.Policy.Epsilon.mean": {
            "value": 0.101283125,
            "min": 0.101283125,
            "max": 0.19743725000000004,
            "count": 20
        },
        "MoveToTarget.Policy.Epsilon.sum": {
            "value": 0.20256625,
            "min": 0.19743725000000004,
            "max": 0.38719324999999993,
            "count": 20
        },
        "MoveToTarget.Policy.Beta.mean": {
            "value": 4.2013968749999896e-05,
            "min": 4.2013968749999896e-05,
            "max": 0.0024410593875,
            "count": 20
        },
        "MoveToTarget.Policy.Beta.sum": {
            "value": 8.402793749999979e-05,
            "min": 8.402793749999979e-05,
            "max": 0.004690471587500002,
            "count": 20
        }
    },
    "metadata": {
        "timer_format_version": "0.1.0",
        "start_time_seconds": "1699867770",
        "python_version": "3.9.13 (main, Aug 12 2023, 09:56:37) \n[GCC 13.2.1 20230801]",
        "command_line_arguments": "/home/vitor/Documents/repos/SimuladorDeConducao/venv/bin/mlagents-learn config/carsimPPO.yaml --run-id=CarSimPPO3.0_Path6_2 --resume",
        "mlagents_version": "0.30.0",
        "mlagents_envs_version": "0.30.0",
        "communication_protocol_version": "1.5.0",
        "pytorch_version": "1.11.0+cpu",
        "numpy_version": "1.21.2",
        "end_time_seconds": "1699872119"
    },
    "total": 4348.590265758,
    "count": 1,
    "self": 0.006695143999422726,
    "children": {
        "run_training.setup": {
            "total": 0.016560361000003354,
            "count": 1,
            "self": 0.016560361000003354
        },
        "TrainerController.start_learning": {
            "total": 4348.567010253,
            "count": 1,
            "self": 4.424826559959911,
            "children": {
                "TrainerController._reset_env": {
                    "total": 49.90428038600001,
                    "count": 1,
                    "self": 49.90428038600001
                },
                "TrainerController.advance": {
                    "total": 4294.191460056041,
                    "count": 411428,
                    "self": 4.703321280884666,
                    "children": {
                        "env_step": {
                            "total": 3990.6995072139553,
                            "count": 411428,
                            "self": 3770.2709854870795,
                            "children": {
                                "SubprocessEnvManager._take_step": {
                                    "total": 217.44222482703185,
                                    "count": 411428,
                                    "self": 12.405674815875557,
                                    "children": {
                                        "TorchPolicy.evaluate": {
                                            "total": 205.0365500111563,
                                            "count": 400044,
                                            "self": 205.0365500111563
                                        }
                                    }
                                },
                                "workers": {
                                    "total": 2.9862968998438646,
                                    "count": 411428,
                                    "self": 0.0,
                                    "children": {
                                        "worker_root": {
                                            "total": 4342.599770608862,
                                            "count": 411428,
                                            "is_parallel": true,
                                            "self": 762.3469389428246,
                                            "children": {
                                                "run_training.setup": {
                                                    "total": 0.0,
                                                    "count": 0,