{
    "name": "root",
    "gauges": {
        "MoveToTarget.Policy.Entropy.mean": {
            "value": 0.14628252387046814,
            "min": 0.1413370817899704,
            "max": 0.6021295189857483,
            "count": 200
        },
        "MoveToTarget.Policy.Entropy.sum": {
            "value": 1466.4822998046875,
            "min": 1413.51220703125,
            "max": 6021.294921875,
            "count": 200
        },
        "MoveToTarget.Step.mean": {
            "value": 3999983.0,
            "min": 2009971.0,
            "max": 3999983.0,
            "count": 200
        },
        "MoveToTarget.Step.sum": {
            "value": 3999983.0,
            "min": 2009971.0,
            "max": 3999983.0,
            "count": 200
        },
        "MoveToTarget.Policy.ExtrinsicValueEstimate.mean": {
            "value": 1.7893421649932861,
            "min": -0.5453249216079712,
            "max": 1.9206204414367676,
            "count": 200
        },
        "MoveToTarget.Policy.ExtrinsicValueEstimate.sum": {
            "value": 406.1806640625,
            "min": -111.79161071777344,
            "max": 441.7427062988281,
            "count": 200
        },
        "MoveToTarget.Environment.EpisodeLength.mean": {
            "value": 69.14788732394366,
            "min": 66.9795918367347,
            "max": 92.37962962962963,
            "count": 200
        },
        "MoveToTarget.Environment.EpisodeLength.sum": {
            "value": 9819.0,
            "min": 9785.0,
            "max": 9977.0,
            "count": 200
        },
        "MoveToTarget.Environment.CumulativeReward.mean": {
            "value": 6.405594405594406,
            "min": 1.0648148148148149,
            "max": 6.615646258503402,
            "count": 200
        },
        "MoveToTarget.Environment.CumulativeReward.sum": {
            "value": 916.0,
            "min": 115.0,
            "max": 972.5,
            "count": 200
        },
        "MoveToTarget.Policy.ExtrinsicReward.mean": {
            "value": 6.405594405594406,
            "min": 1.0648148148148149,
            "max": 6.615646258503402,
            "count": 200
        },
        "MoveToTarget.Policy.ExtrinsicReward.sum": {
            "value": 916.0,
            "min": 115.0,
            "max": 972.5,
            "count": 200
        },
        "MoveToTarget.Losses.PolicyLoss.mean": {
            "value": 0.2459620403346669,
            "min": 0.23551328668175167,
            "max": 0.25539426532877524,
            "count": 200
        },
        "MoveToTarget.Losses.PolicyLoss.sum": {
            "value": 17.955228944430683,
            "min": 16.32267763974944,
            "max": 18.281053146755568,
            "count": 200
        },
        "MoveToTarget.Losses.ValueLoss.mean": {
            "value": 0.2266689479456042,
            "min": 0.20581794495892783,
            "max": 1.5206501127724144,
            "count": 200
        },
        "MoveToTarget.Losses.ValueLoss.sum": {
            "value": 16.546833200029106,
            "min": 14.674137316879724,
            "max": 106.44550789406901,
            "count": 200
        },
        "MoveToTarget.Policy.LearningRate.mean": {
            "value": 3.743149437547927e-07,
            "min": 3.743149437547927e-07,
            "max": 0.0001496253265534793,
            "count": 200
        },
        "MoveToTarget.Policy.LearningRate.sum": {
            "value": 2.7324990894099867e-05,
            "min": 2.7324990894099867e-05,
            "max": 0.010664725020092875,
            "count": 200
        },
        "MoveToTarget.Policy.Epsilon.mean": {
            "value": 0.1001247383561644,
            "min": 0.1001247383561644,
            "max": 0.14987509214285716,
            "count": 200
        },
        "MoveToTarget.Policy.Epsilon.sum": {
            "value": 7.3091059000000005,
            "min": 7.179761600000002,
            "max": 10.754907124999999,
            "count": 200
        },
        "MoveToTarget.Policy.Beta.mean": {
            "value": 0.0005,
            "min": 0.0005,
            "max": 0.0005000000000000001,
            "count": 200
        },
        "MoveToTarget.Policy.Beta.sum": {
            "value": 0.036500000000000005,
            "min": 0.034,
            "max": 0.037000000000000005,
            "count": 200
        },
        "MoveToTarget.IsTraining.mean": {
            "value": 1.0,
            "min": 1.0,
            "max": 1.0,
            "count": 200
        },
        "MoveToTarget.IsTraining.sum": {
            "value": 1.0,
            "min": 1.0,
            "max": 1.0,
            "count": 200
        }
    },
    "metadata": {
        "timer_format_version": "0.1.0",
        "start_time_seconds": "1691413131",
        "python_version": "3.9.13 (tags/v3.9.13:6de2ca5, May 17 2022, 16:36:42) [MSC v.1929 64 bit (AMD64)]",
        "command_line_arguments": "C:\\Users\\vitor\\SimuladorDeDirecao\\venv\\Scripts\\mlagents-learn config/carsim.yaml --run-id=CarSim6.0 --resume",
        "mlagents_version": "0.30.0",
        "mlagents_envs_version": "0.30.0",
        "communication_protocol_version": "1.5.0",
        "pytorch_version": "1.7.1+cpu",
        "numpy_version": "1.21.2",
        "end_time_seconds": "1691427597"
    },
    "total": 14466.2114012,
    "count": 1,
    "self": 0.008849300002111704,
    "children": {
        "run_training.setup": {
            "total": 0.08199440000000013,
            "count": 1,
            "self": 0.08199440000000013
        },
        "TrainerController.start_learning": {
            "total": 14466.120557499999,
            "count": 1,
            "self": 20.40239140013,
            "children": {
                "TrainerController._reset_env": {
                    "total": 4.385365999999999,
                    "count": 1,
                    "self": 4.385365999999999
                },
                "TrainerController.advance": {
                    "total": 14441.294240799867,
                    "count": 2022152,
                    "self": 20.405237800850955,
                    "children": {
                        "env_step": {
                            "total": 12322.726822999228,
                            "count": 2022152,
                            "self": 10885.746966297891,
                            "children": {
                                "SubprocessEnvManager._take_step": {
                                    "total": 1423.0666014014741,
                                    "count": 2022152,
                                    "self": 56.26116470147508,
                                    "children": {
                                        "TorchPolicy.evaluate": {
                                            "total": 1366.805436699999,
                                            "count": 2000004,
                                            "self": 1366.805436699999
                                        }
                                    }
                                },
                                "workers": {
                                    "total": 13.913255299862524,
                                    "count": 2022152,
                                    "self": 0.0,
                                    "children": {
                                        "worker_root": {
                                            "total": 14434.200500999988,
                                            "count": 2022152,
                                            "is_parallel": true,
                                            "self": 4472.396947599613,
                                            "children": {
                                                "steps_from_proto": {
                                                    "total": 0.0003499000000006802,
                                                    "count": 1,
                                                    "is_parallel": true,