{
    "name": "root",
    "gauges": {
        "MoveToTarget.Policy.Entropy.mean": {
            "value": 2.2061736583709717,
            "min": 1.9002536535263062,
            "max": 2.2061736583709717,
            "count": 73
        },
        "MoveToTarget.Policy.Entropy.sum": {
            "value": 22238.23046875,
            "min": 18892.322265625,
            "max": 22238.23046875,
            "count": 73
        },
        "MoveToTarget.Environment.EpisodeLength.mean": {
            "value": 159.0,
            "min": 134.52702702702703,
            "max": 159.0,
            "count": 73
        },
        "MoveToTarget.Environment.EpisodeLength.sum": {
            "value": 10017.0,
            "min": 9858.0,
            "max": 10027.0,
            "count": 73
        },
        "MoveToTarget.Step.mean": {
            "value": 729990.0,
            "min": 9920.0,
            "max": 729990.0,
            "count": 73
        },
        "MoveToTarget.Step.sum": {
            "value": 729990.0,
            "min": 9920.0,
            "max": 729990.0,
            "count": 73
        },
        "MoveToTarget.Policy.ExtrinsicValueEstimate.mean": {
            "value": -0.31909820437431335,
            "min": -0.32175758481025696,
            "max": 0.09185534715652466,
            "count": 73
        },
        "MoveToTarget.Policy.ExtrinsicValueEstimate.sum": {
            "value": -20.103187561035156,
            "min": -20.270727157592773,
            "max": 5.695031642913818,
            "count": 73
        },
        "MoveToTarget.Environment.CumulativeReward.mean": {
            "value": -0.09737505184279548,
            "min": -0.7048386979487634,
            "max": -0.09737504451047807,
            "count": 73
        },
        "MoveToTarget.Environment.CumulativeReward.sum": {
            "value": -6.134628266096115,
            "min": -44.099999248981476,
            "max": -6.0372530072927475,
            "count": 73
        },
        "MoveToTarget.Policy.ExtrinsicReward.mean": {
            "value": -0.09737505184279548,
            "min": -0.7048386979487634,
            "max": -0.09737504451047807,
            "count": 73
        },
        "MoveToTarget.Policy.ExtrinsicReward.sum": {
            "value": -6.134628266096115,
            "min": -44.099999248981476,
            "max": -6.0372530072927475,
            "count": 73
        },
        "MoveToTarget.IsTraining.mean": {
            "value": 1.0,
            "min": 1.0,
            "max": 1.0,
            "count": 73
        },
        "MoveToTarget.IsTraining.sum": {
            "value": 1.0,
            "min": 1.0,
            "max": 1.0,
            "count": 73
        },
        "MoveToTarget.Losses.PolicyLoss.mean": {
            "value": 0.024657978978939354,
            "min": 0.017364252053607743,
            "max": 0.028412306497921237,
            "count": 70
        },
        "MoveToTarget.Losses.PolicyLoss.sum": {
            "value": 0.024657978978939354,
            "min": 0.017364252053607743,
            "max": 0.028412306497921237,
            "count": 70
        },
        "MoveToTarget.Losses.ValueLoss.mean": {
            "value": 0.00034222942595079074,
            "min": 0.0003256548810895765,
            "max": 0.012240644602570683,
            "count": 70
        },
        "MoveToTarget.Losses.ValueLoss.sum": {
            "value": 0.00034222942595079074,
            "min": 0.0003256548810895765,
            "max": 0.012240644602570683,
            "count": 70
        },
        "MoveToTarget.Policy.LearningRate.mean": {
            "value": 2.724107275900001e-05,
            "min": 2.724107275900001e-05,
            "max": 9.896000104000002e-05,
            "count": 70
        },
        "MoveToTarget.Policy.LearningRate.sum": {
            "value": 2.724107275900001e-05,
            "min": 2.724107275900001e-05,
            "max": 9.896000104000002e-05,
            "count": 70
        },
        "MoveToTarget.Policy.Epsilon.mean": {
            "value": 0.154482,
            "min": 0.154482,
            "max": 0.29791999999999996,
            "count": 70
        },
        "MoveToTarget.Policy.Epsilon.sum": {
            "value": 0.154482,
            "min": 0.154482,
            "max": 0.29791999999999996,
            "count": 70
        },
        "MoveToTarget.Policy.Beta.mean": {
            "value": 0.013627775900000003,
            "min": 0.013627775900000003,
            "max": 0.04948010400000001,
            "count": 70
        },
        "MoveToTarget.Policy.Beta.sum": {
            "value": 0.013627775900000003,
            "min": 0.013627775900000003,
            "max": 0.04948010400000001,
            "count": 70
        }
    },
    "metadata": {
        "timer_format_version": "0.1.0",
        "start_time_seconds": "1699401817",
        "python_version": "3.9.13 (main, Aug 12 2023, 09:56:37) \n[GCC 13.2.1 20230801]",
        "command_line_arguments": "/home/vitor/Documents/repos/SimuladorDeConducao/venv/bin/mlagents-learn config/carsimPPO.yaml --run-id=CarSimPPO_2.0_Path8_beta-lr-epsilon_increased_unity_editor --force",
        "mlagents_version": "0.30.0",
        "mlagents_envs_version": "0.30.0",
        "communication_protocol_version": "1.5.0",
        "pytorch_version": "1.11.0+cpu",
        "numpy_version": "1.21.2",
        "end_time_seconds": "1699405923"
    },
    "total": 4106.196526729,
    "count": 1,
    "self": 0.0038669810001010774,
    "children": {
        "run_training.setup": {
            "total": 0.01597493699955521,
            "count": 1,
            "self": 0.01597493699955521
        },
        "TrainerController.start_learning": {
            "total": 4106.176684811,
            "count": 1,
            "self": 8.384106822317335,
            "children": {
                "TrainerController._reset_env": {
                    "total": 15.182262027999968,
                    "count": 1,
                    "self": 15.182262027999968
                },
                "TrainerController.advance": {
                    "total": 4082.5584645966846,
                    "count": 736063,
                    "self": 8.37088197083358,
                    "children": {
                        "env_step": {
                            "total": 3675.7522889905795,
                            "count": 736063,
                            "self": 3260.554231078282,
                            "children": {
                                "SubprocessEnvManager._take_step": {
                                    "total": 409.73378638317445,
                                    "count": 736063,
                                    "self": 23.255544150495552,
                                    "children": {
                                        "TorchPolicy.evaluate": {
                                            "total": 386.4782422326789,
                                            "count": 731864,
                                            "self": 386.4782422326789
                                        }
                                    }
                                },
                                "workers": {
                                    "total": 5.464271529122925,
                                    "count": 736062,
                                    "self": 0.0,
                                    "children": {
                                        "worker_root": {
                                            "total": 4090.986644583887,
                                            "count": 736062,
                                            "is_parallel": true,
                                            "self": 1177.242763353126,
                                            "children": {
                                                "run_training.setup": {
                                                    "total": 0.0,
                                                    "count": 0,