{
    "name": "root",
    "gauges": {
        "MoveToTarget.Policy.Entropy.mean": {
            "value": 1.9525219202041626,
            "min": 1.9525219202041626,
            "max": 2.1115241050720215,
            "count": 3
        },
        "MoveToTarget.Policy.Entropy.sum": {
            "value": 39050.4375,
            "min": 39050.4375,
            "max": 42230.484375,
            "count": 3
        },
        "MoveToTarget.Environment.EpisodeLength.mean": {
            "value": 79.0,
            "min": 79.0,
            "max": 79.0,
            "count": 3
        },
        "MoveToTarget.Environment.EpisodeLength.sum": {
            "value": 19750.0,
            "min": 19750.0,
            "max": 19750.0,
            "count": 3
        },
        "MoveToTarget.Step.mean": {
            "value": 59920.0,
            "min": 19920.0,
            "max": 59920.0,
            "count": 3
        },
        "MoveToTarget.Step.sum": {
            "value": 59920.0,
            "min": 19920.0,
            "max": 59920.0,
            "count": 3
        },
        "MoveToTarget.Policy.ExtrinsicValueEstimate.mean": {
            "value": -0.18070855736732483,
            "min": -0.18070855736732483,
            "max": 0.15453235805034637,
            "count": 3
        },
        "MoveToTarget.Policy.ExtrinsicValueEstimate.sum": {
            "value": -45.17713928222656,
            "min": -45.17713928222656,
            "max": 38.47855758666992,
            "count": 3
        },
        "MoveToTarget.Environment.CumulativeReward.mean": {
            "value": -0.5512682201862336,
            "min": -0.6776318703310557,
            "max": -0.5512682201862336,
            "count": 3
        },
        "MoveToTarget.Environment.CumulativeReward.sum": {
            "value": -137.81705504655838,
            "min": -168.73033571243286,
            "max": -137.81705504655838,
            "count": 3
        },
        "MoveToTarget.Policy.ExtrinsicReward.mean": {
            "value": -0.5512682201862336,
            "min": -0.6776318703310557,
            "max": -0.5512682201862336,
            "count": 3
        },
        "MoveToTarget.Policy.ExtrinsicReward.sum": {
            "value": -137.81705504655838,
            "min": -168.73033571243286,
            "max": -137.81705504655838,
            "count": 3
        },
        "MoveToTarget.Losses.PolicyLoss.mean": {
            "value": 0.02275286997810326,
            "min": 0.02275286997810326,
            "max": 0.024999374136996266,
            "count": 3
        },
        "MoveToTarget.Losses.PolicyLoss.sum": {
            "value": 0.04550573995620652,
            "min": 0.024999374136996266,
            "max": 0.04851667325856397,
            "count": 3
        },
        "MoveToTarget.Losses.ValueLoss.mean": {
            "value": 0.00420011511159828,
            "min": 0.0025366324814967813,
            "max": 0.00420011511159828,
            "count": 3
        },
        "MoveToTarget.Losses.ValueLoss.sum": {
            "value": 0.00840023022319656,
            "min": 0.002811581967398524,
            "max": 0.00840023022319656,
            "count": 3
        },
        "MoveToTarget.Policy.LearningRate.mean": {
            "value": 9.535600464400001e-05,
            "min": 9.535600464400001e-05,
            "max": 9.896800103200004e-05,
            "count": 3
        },
        "MoveToTarget.Policy.LearningRate.sum": {
            "value": 0.00019071200928800003,
            "min": 9.896800103200004e-05,
            "max": 0.00019484000516000003,
            "count": 3
        },
        "MoveToTarget.Policy.Epsilon.mean": {
            "value": 0.290712,
            "min": 0.290712,
            "max": 0.297936,
            "count": 3
        },
        "MoveToTarget.Policy.Epsilon.sum": {
            "value": 0.581424,
            "min": 0.297936,
            "max": 0.58968,
            "count": 3
        },
        "MoveToTarget.Policy.Beta.mean": {
            "value": 0.0010000000000000002,
            "min": 0.0010000000000000002,
            "max": 0.0010000000000000002,
            "count": 3
        },
        "MoveToTarget.Policy.Beta.sum": {
            "value": 0.0020000000000000005,
            "min": 0.0010000000000000002,
            "max": 0.0020000000000000005,
            "count": 3
        },
        "MoveToTarget.IsTraining.mean": {
            "value": 1.0,
            "min": 1.0,
            "max": 1.0,
            "count": 3
        },
        "MoveToTarget.IsTraining.sum": {
            "value": 1.0,
            "min": 1.0,
            "max": 1.0,
            "count": 3
        }
    },
    "metadata": {
        "timer_format_version": "0.1.0",
        "start_time_seconds": "1700009749",
        "python_version": "3.9.13 (main, Aug 12 2023, 09:56:37) \n[GCC 13.2.1 20230801]",
        "command_line_arguments": "/home/vitor/Documents/repos/SimuladorDeConducao/venv/bin/mlagents-learn config/carsimPPO.yaml --run-id=CarSimPPO3.0_Path0_teste",
        "mlagents_version": "0.30.0",
        "mlagents_envs_version": "0.30.0",
        "communication_protocol_version": "1.5.0",
        "pytorch_version": "1.11.0+cpu",
        "numpy_version": "1.21.2",
        "end_time_seconds": "1700010311"
    },
    "total": 562.4169402769985,
    "count": 1,
    "self": 0.003911710999091156,
    "children": {
        "run_training.setup": {
            "total": 0.0163540869980352,
            "count": 1,
            "self": 0.0163540869980352
        },
        "TrainerController.start_learning": {
            "total": 562.3966744790014,
            "count": 1,
            "self": 0.7165041102853138,
            "children": {
                "TrainerController._reset_env": {
                    "total": 6.449540271998558,
                    "count": 1,
                    "self": 6.449540271998558
                },
                "TrainerController.advance": {
                    "total": 555.160379223722,
                    "count": 61044,
                    "self": 0.7233467680052854,
                    "children": {
                        "env_step": {
                            "total": 519.2578991543924,
                            "count": 61044,
                            "self": 483.61503895794885,
                            "children": {
                                "SubprocessEnvManager._take_step": {
                                    "total": 35.1832069184602,
                                    "count": 61044,
                                    "self": 1.971783291803149,
                                    "children": {
                                        "TorchPolicy.evaluate": {
                                            "total": 33.21142362665705,
                                            "count": 61044,
                                            "self": 33.21142362665705
                                        }
                                    }
                                },
                                "workers": {
                                    "total": 0.4596532779833069,
                                    "count": 61043,
                                    "self": 0.0,
                                    "children": {
                                        "worker_root": {
                                            "total": 551.9067076011925,
                                            "count": 61043,
                                            "is_parallel": true,
                                            "self": 107.11691579531907,
                                            "children": {
                                                "run_training.setup": {
                                                    "total": 0.0,
                                                    "count": 0,
                                                    "is_parallel": true,
                                                    "self": 0.0,