{
    "name": "root",
    "gauges": {
        "MoveToTarget.Policy.Entropy.mean": {
            "value": 0.9660017490386963,
            "min": 0.9660017490386963,
            "max": 2.0574533939361572,
            "count": 23
        },
        "MoveToTarget.Policy.Entropy.sum": {
            "value": 9654.2216796875,
            "min": 9654.2216796875,
            "max": 21016.88671875,
            "count": 23
        },
        "MoveToTarget.Step.mean": {
            "value": 229982.0,
            "min": 9992.0,
            "max": 229982.0,
            "count": 23
        },
        "MoveToTarget.Step.sum": {
            "value": 229982.0,
            "min": 9992.0,
            "max": 229982.0,
            "count": 23
        },
        "MoveToTarget.Policy.ExtrinsicValueEstimate.mean": {
            "value": 10.159507751464844,
            "min": -0.6889485716819763,
            "max": 10.159507751464844,
            "count": 23
        },
        "MoveToTarget.Policy.ExtrinsicValueEstimate.sum": {
            "value": 3383.115966796875,
            "min": -137.10076904296875,
            "max": 3383.115966796875,
            "count": 23
        },
        "MoveToTarget.Losses.PolicyLoss.mean": {
            "value": 0.24702592913631186,
            "min": 0.23715750266555644,
            "max": 0.2511597113492021,
            "count": 23
        },
        "MoveToTarget.Losses.PolicyLoss.sum": {
            "value": 20.750178047450195,
            "min": 17.152834917192532,
            "max": 20.750178047450195,
            "count": 23
        },
        "MoveToTarget.Losses.ValueLoss.mean": {
            "value": 5.94055149752007,
            "min": 0.03550893391425171,
            "max": 13.087658218219225,
            "count": 23
        },
        "MoveToTarget.Losses.ValueLoss.sum": {
            "value": 499.00632579168587,
            "min": 2.6276611096546265,
            "max": 981.5743663664418,
            "count": 23
        },
        "MoveToTarget.Policy.LearningRate.mean": {
            "value": 0.0002662444076804393,
            "min": 0.0002662444076804393,
            "max": 0.00029925735430160263,
            "count": 23
        },
        "MoveToTarget.Policy.LearningRate.sum": {
            "value": 0.0223645302451569,
            "min": 0.020842945552351496,
            "max": 0.023751780032740148,
            "count": 23
        },
        "MoveToTarget.Policy.Epsilon.mean": {
            "value": 0.18874813214285716,
            "min": 0.18874813214285716,
            "max": 0.19975245135135136,
            "count": 23
        },
        "MoveToTarget.Policy.Epsilon.sum": {
            "value": 15.8548431,
            "min": 13.947648500000001,
            "max": 16.317259850000003,
            "count": 23
        },
        "MoveToTarget.Policy.Beta.mean": {
            "value": 0.0005000000000000001,
            "min": 0.0005,
            "max": 0.0005000000000000001,
            "count": 23
        },
        "MoveToTarget.Policy.Beta.sum": {
            "value": 0.04200000000000001,
            "min": 0.035,
            "max": 0.04200000000000001,
            "count": 23
        },
        "MoveToTarget.Environment.EpisodeLength.mean": {
            "value": 29.445121951219512,
            "min": 29.445121951219512,
            "max": 99.0,
            "count": 23
        },
        "MoveToTarget.Environment.EpisodeLength.sum": {
            "value": 9658.0,
            "min": 9637.0,
            "max": 10052.0,
            "count": 23
        },
        "MoveToTarget.Environment.CumulativeReward.mean": {
            "value": 13.120350164883748,
            "min": -0.622142823070896,
            "max": 13.120350164883748,
            "count": 23
        },
        "MoveToTarget.Environment.CumulativeReward.sum": {
            "value": 4303.474854081869,
            "min": -60.9699966609478,
            "max": 4303.474854081869,
            "count": 23
        },
        "MoveToTarget.Policy.ExtrinsicReward.mean": {
            "value": 13.120350164883748,
            "min": -0.622142823070896,
            "max": 13.120350164883748,
            "count": 23
        },
        "MoveToTarget.Policy.ExtrinsicReward.sum": {
            "value": 4303.474854081869,
            "min": -60.9699966609478,
            "max": 4303.474854081869,
            "count": 23
        },
        "MoveToTarget.IsTraining.mean": {
            "value": 1.0,
            "min": 1.0,
            "max": 1.0,
            "count": 23
        },
        "MoveToTarget.IsTraining.sum": {
            "value": 1.0,
            "min": 1.0,
            "max": 1.0,
            "count": 23
        }
    },
    "metadata": {
        "timer_format_version": "0.1.0",
        "start_time_seconds": "1691614227",
        "python_version": "3.9.13 (tags/v3.9.13:6de2ca5, May 17 2022, 16:36:42) [MSC v.1929 64 bit (AMD64)]",
        "command_line_arguments": "C:\\Users\\vitor\\SimuladorDeDirecao\\venv\\Scripts\\mlagents-learn config/carsim.yaml --env=Build/SimuladorDeDirecao --run-id=CarSim6.2.2_Path6_Build --num-envs=6 --force",
        "mlagents_version": "0.30.0",
        "mlagents_envs_version": "0.30.0",
        "communication_protocol_version": "1.5.0",
        "pytorch_version": "1.7.1+cpu",
        "numpy_version": "1.21.2",
        "end_time_seconds": "1691614834"
    },
    "total": 607.3851227,
    "count": 1,
    "self": 4.228742199999942,
    "children": {
        "run_training.setup": {
            "total": 0.32317129999999994,
            "count": 1,
            "self": 0.32317129999999994
        },
        "TrainerController.start_learning": {
            "total": 602.8332092,
            "count": 1,
            "self": 2.279470300003709,
            "children": {
                "TrainerController._reset_env": {
                    "total": 3.921355,
                    "count": 1,
                    "self": 3.921355
                },
                "TrainerController.advance": {
                    "total": 596.5554132999963,
                    "count": 81519,
                    "self": 1.6163600999865366,
                    "children": {
                        "env_step": {
                            "total": 339.7055084999956,
                            "count": 81519,
                            "self": 81.73224620001275,
                            "children": {
                                "SubprocessEnvManager._take_step": {
                                    "total": 256.20610879999583,
                                    "count": 241206,
                                    "self": 9.542671999998902,
                                    "children": {
                                        "TorchPolicy.evaluate": {
                                            "total": 246.66343679999693,
                                            "count": 236600,
                                            "self": 246.66343679999693
                                        }
                                    }
                                },
                                "workers": {
                                    "total": 1.7671534999870158,
                                    "count": 81518,
                                    "self": 0.0,
                                    "children": {
                                        "worker_root": {
                                            "total": 3588.3457965000152,
                                            "count": 241200,
                                            "is_parallel": true,
                                            "self": 2798.5009136999993,
                                            "children": {
                                                "steps_from_proto": {
                                                    "total": 0.0019275999999996962,
                                                    "count": 6,