{
    "name": "root",
    "gauges": {
        "MoveToTarget.Policy.Entropy.mean": {
            "value": 0.4035027027130127,
            "min": 0.4035027027130127,
            "max": 2.037980079650879,
            "count": 51
        },
        "MoveToTarget.Policy.Entropy.sum": {
            "value": 4049.55322265625,
            "min": 4049.55322265625,
            "max": 20683.458984375,
            "count": 51
        },
        "MoveToTarget.Step.mean": {
            "value": 509984.0,
            "min": 9992.0,
            "max": 509984.0,
            "count": 51
        },
        "MoveToTarget.Step.sum": {
            "value": 509984.0,
            "min": 9992.0,
            "max": 509984.0,
            "count": 51
        },
        "MoveToTarget.Policy.ExtrinsicValueEstimate.mean": {
            "value": 10.332412719726562,
            "min": -0.12661206722259521,
            "max": 10.68891429901123,
            "count": 51
        },
        "MoveToTarget.Policy.ExtrinsicValueEstimate.sum": {
            "value": 2975.73486328125,
            "min": -25.19580078125,
            "max": 3099.78515625,
            "count": 51
        },
        "MoveToTarget.Losses.PolicyLoss.mean": {
            "value": 0.2426260348447587,
            "min": 0.23671844115506502,
            "max": 0.25091048775718056,
            "count": 51
        },
        "MoveToTarget.Losses.PolicyLoss.sum": {
            "value": 23.049473310252075,
            "min": 17.334840282779332,
            "max": 23.334059130267196,
            "count": 51
        },
        "MoveToTarget.Losses.ValueLoss.mean": {
            "value": 3.9735910917658526,
            "min": 0.27430044128331343,
            "max": 7.264619508950861,
            "count": 51
        },
        "MoveToTarget.Losses.ValueLoss.sum": {
            "value": 377.491153717756,
            "min": 19.475331331115253,
            "max": 632.0218972787249,
            "count": 51
        },
        "MoveToTarget.Policy.LearningRate.mean": {
            "value": 0.00022424969998695047,
            "min": 0.00022424969998695047,
            "max": 0.00029925920306383383,
            "count": 51
        },
        "MoveToTarget.Policy.LearningRate.sum": {
            "value": 0.021303721498760295,
            "min": 0.020790972069676603,
            "max": 0.026017783977405545,
            "count": 51
        },
        "MoveToTarget.Policy.Epsilon.mean": {
            "value": 0.17474989157894738,
            "min": 0.17474989157894738,
            "max": 0.19975306760563383,
            "count": 51
        },
        "MoveToTarget.Policy.Epsilon.sum": {
            "value": 16.6012397,
            "min": 14.146470650000001,
            "max": 17.972594449999995,
            "count": 51
        },
        "MoveToTarget.Policy.Beta.mean": {
            "value": 0.0005000000000000001,
            "min": 0.0005,
            "max": 0.0005000000000000002,
            "count": 51
        },
        "MoveToTarget.Policy.Beta.sum": {
            "value": 0.047500000000000014,
            "min": 0.035500000000000004,
            "max": 0.04800000000000002,
            "count": 51
        },
        "MoveToTarget.Environment.EpisodeLength.mean": {
            "value": 33.673611111111114,
            "min": 33.49310344827586,
            "max": 99.0,
            "count": 51
        },
        "MoveToTarget.Environment.EpisodeLength.sum": {
            "value": 9698.0,
            "min": 9644.0,
            "max": 10033.0,
            "count": 51
        },
        "MoveToTarget.Environment.CumulativeReward.mean": {
            "value": 13.247500204377705,
            "min": -0.2519386410713196,
            "max": 13.901361483363479,
            "count": 51
        },
        "MoveToTarget.Environment.CumulativeReward.sum": {
            "value": 3815.280058860779,
            "min": -24.68998682498932,
            "max": 3989.810055732727,
            "count": 51
        },
        "MoveToTarget.Policy.ExtrinsicReward.mean": {
            "value": 13.247500204377705,
            "min": -0.2519386410713196,
            "max": 13.901361483363479,
            "count": 51
        },
        "MoveToTarget.Policy.ExtrinsicReward.sum": {
            "value": 3815.280058860779,
            "min": -24.68998682498932,
            "max": 3989.810055732727,
            "count": 51
        },
        "MoveToTarget.IsTraining.mean": {
            "value": 1.0,
            "min": 1.0,
            "max": 1.0,
            "count": 51
        },
        "MoveToTarget.IsTraining.sum": {
            "value": 1.0,
            "min": 1.0,
            "max": 1.0,
            "count": 51
        }
    },
    "metadata": {
        "timer_format_version": "0.1.0",
        "start_time_seconds": "1691597499",
        "python_version": "3.9.13 (tags/v3.9.13:6de2ca5, May 17 2022, 16:36:42) [MSC v.1929 64 bit (AMD64)]",
        "command_line_arguments": "C:\\Users\\vitor\\SimuladorDeDirecao\\venv\\Scripts\\mlagents-learn config/carsim.yaml --env=Build/SimuladorDeDirecao --run-id=CarSim6.2.1_Path2_Build --num-envs=6 --force",
        "mlagents_version": "0.30.0",
        "mlagents_envs_version": "0.30.0",
        "communication_protocol_version": "1.5.0",
        "pytorch_version": "1.7.1+cpu",
        "numpy_version": "1.21.2",
        "end_time_seconds": "1691598780"
    },
    "total": 1281.5708456,
    "count": 1,
    "self": 0.6232950999999503,
    "children": {
        "run_training.setup": {
            "total": 0.34757079999999996,
            "count": 1,
            "self": 0.34757079999999996
        },
        "TrainerController.start_learning": {
            "total": 1280.5999797,
            "count": 1,
            "self": 4.583985999974402,
            "children": {
                "TrainerController._reset_env": {
                    "total": 5.5489414,
                    "count": 1,
                    "self": 5.5489414
                },
                "TrainerController.advance": {
                    "total": 1270.4089267000254,
                    "count": 175933,
                    "self": 3.1434850000039205,
                    "children": {
                        "env_step": {
                            "total": 714.8115965000167,
                            "count": 175933,
                            "self": 168.3947317000725,
                            "children": {
                                "SubprocessEnvManager._take_step": {
                                    "total": 542.6817102999507,
                                    "count": 521667,
                                    "self": 19.970202399894106,
                                    "children": {
                                        "TorchPolicy.evaluate": {
                                            "total": 522.7115079000566,
                                            "count": 510356,
                                            "self": 522.7115079000566
                                        }
                                    }
                                },
                                "workers": {
                                    "total": 3.735154499993425,
                                    "count": 175933,
                                    "self": 0.0,
                                    "children": {
                                        "worker_root": {
                                            "total": 7638.610000300141,
                                            "count": 521664,
                                            "is_parallel": true,
                                            "self": 5986.1909485001615,
                                            "children": {
                                                "steps_from_proto": {
                                                    "total": 0.0019958999999998284,
                                                    "count": 6,