{
    "name": "root",
    "gauges": {
        "MoveToTarget.Policy.Entropy.mean": {
            "value": 1.900687336921692,
            "min": 1.900687336921692,
            "max": 2.1090266704559326,
            "count": 8
        },
        "MoveToTarget.Policy.Entropy.sum": {
            "value": 38004.2421875,
            "min": 38004.2421875,
            "max": 42180.53125,
            "count": 8
        },
        "MoveToTarget.Environment.EpisodeLength.mean": {
            "value": 78.98,
            "min": 78.91235059760956,
            "max": 79.0,
            "count": 8
        },
        "MoveToTarget.Environment.EpisodeLength.sum": {
            "value": 19745.0,
            "min": 19742.0,
            "max": 19807.0,
            "count": 8
        },
        "MoveToTarget.Step.mean": {
            "value": 159965.0,
            "min": 19920.0,
            "max": 159965.0,
            "count": 8
        },
        "MoveToTarget.Step.sum": {
            "value": 159965.0,
            "min": 19920.0,
            "max": 159965.0,
            "count": 8
        },
        "MoveToTarget.Policy.ExtrinsicValueEstimate.mean": {
            "value": -0.29855674505233765,
            "min": -0.29855674505233765,
            "max": 0.050118375569581985,
            "count": 8
        },
        "MoveToTarget.Policy.ExtrinsicValueEstimate.sum": {
            "value": -74.6391830444336,
            "min": -74.6391830444336,
            "max": 12.479475975036621,
            "count": 8
        },
        "MoveToTarget.Environment.CumulativeReward.mean": {
            "value": -0.7228749718666077,
            "min": -0.7228749718666077,
            "max": -0.6888403301258164,
            "count": 8
        },
        "MoveToTarget.Environment.CumulativeReward.sum": {
            "value": -180.71874296665192,
            "min": -180.71874296665192,
            "max": -171.52124220132828,
            "count": 8
        },
        "MoveToTarget.Policy.ExtrinsicReward.mean": {
            "value": -0.7228749718666077,
            "min": -0.7228749718666077,
            "max": -0.6888403301258164,
            "count": 8
        },
        "MoveToTarget.Policy.ExtrinsicReward.sum": {
            "value": -180.71874296665192,
            "min": -180.71874296665192,
            "max": -171.52124220132828,
            "count": 8
        },
        "MoveToTarget.Losses.PolicyLoss.mean": {
            "value": 0.021893058901468976,
            "min": 0.021539177249962904,
            "max": 0.025344316626672025,
            "count": 8
        },
        "MoveToTarget.Losses.PolicyLoss.sum": {
            "value": 0.04378611780293795,
            "min": 0.023661703206562378,
            "max": 0.05068863325334405,
            "count": 8
        },
        "MoveToTarget.Losses.ValueLoss.mean": {
            "value": 0.008653832852724008,
            "min": 0.002618939511012286,
            "max": 0.008653832852724008,
            "count": 8
        },
        "MoveToTarget.Losses.ValueLoss.sum": {
            "value": 0.017307665705448016,
            "min": 0.002618939511012286,
            "max": 0.017307665705448016,
            "count": 8
        },
        "MoveToTarget.Policy.LearningRate.mean": {
            "value": 8.7532720800625e-05,
            "min": 8.7532720800625e-05,
            "max": 9.914000085999998e-05,
            "count": 8
        },
        "MoveToTarget.Policy.LearningRate.sum": {
            "value": 0.00017506544160125,
            "min": 9.914000085999998e-05,
            "max": 0.0001957000043,
            "count": 8
        },
        "MoveToTarget.Policy.Epsilon.mean": {
            "value": 0.18753270833333335,
            "min": 0.18753270833333335,
            "max": 0.19914000000000004,
            "count": 8
        },
        "MoveToTarget.Policy.Epsilon.sum": {
            "value": 0.3750654166666667,
            "min": 0.19914000000000004,
            "max": 0.3957,
            "count": 8
        },
        "MoveToTarget.Policy.Beta.mean": {
            "value": 0.0010000000000000002,
            "min": 0.0010000000000000002,
            "max": 0.0010000000000000002,
            "count": 8
        },
        "MoveToTarget.Policy.Beta.sum": {
            "value": 0.0020000000000000005,
            "min": 0.0010000000000000002,
            "max": 0.0020000000000000005,
            "count": 8
        },
        "MoveToTarget.IsTraining.mean": {
            "value": 1.0,
            "min": 1.0,
            "max": 1.0,
            "count": 8
        },
        "MoveToTarget.IsTraining.sum": {
            "value": 1.0,
            "min": 1.0,
            "max": 1.0,
            "count": 8
        }
    },
    "metadata": {
        "timer_format_version": "0.1.0",
        "start_time_seconds": "1700046433",
        "python_version": "3.9.13 (main, Aug 12 2023, 09:56:37) \n[GCC 13.2.1 20230801]",
        "command_line_arguments": "/home/vitor/Documents/repos/SimuladorDeConducao/venv/bin/mlagents-learn config/carsimPPO.yaml --run-id=CarSimPPO3.1_Path3_7",
        "mlagents_version": "0.30.0",
        "mlagents_envs_version": "0.30.0",
        "communication_protocol_version": "1.5.0",
        "pytorch_version": "1.11.0+cpu",
        "numpy_version": "1.21.2",
        "end_time_seconds": "1700047856"
    },
    "total": 1423.6594893810002,
    "count": 1,
    "self": 0.003928129000314584,
    "children": {
        "run_training.setup": {
            "total": 0.019942936999996164,
            "count": 1,
            "self": 0.019942936999996164
        },
        "TrainerController.start_learning": {
            "total": 1423.6356183149999,
            "count": 1,
            "self": 1.957545359007554,
            "children": {
                "TrainerController._reset_env": {
                    "total": 5.386466733999981,
                    "count": 1,
                    "self": 5.386466733999981
                },
                "TrainerController.advance": {
                    "total": 1416.2094439849925,
                    "count": 162512,
                    "self": 1.9201736180277749,
                    "children": {
                        "env_step": {
                            "total": 1310.783573863991,
                            "count": 162512,
                            "self": 1214.556785726955,
                            "children": {
                                "SubprocessEnvManager._take_step": {
                                    "total": 94.94965100299916,
                                    "count": 162512,
                                    "self": 5.284917837024437,
                                    "children": {
                                        "TorchPolicy.evaluate": {
                                            "total": 89.66473316597472,
                                            "count": 161828,
                                            "self": 89.66473316597472
                                        }
                                    }
                                },
                                "workers": {
                                    "total": 1.277137134036849,
                                    "count": 162511,
                                    "self": 0.0,
                                    "children": {
                                        "worker_root": {
                                            "total": 1421.1201464769863,
                                            "count": 162511,
                                            "is_parallel": true,
                                            "self": 286.0135660930682,
                                            "children": {
                                                "run_training.setup": {
                                                    "total": 0.0,
                                                    "count": 0,
                                                    "is_parallel": true,