{
    "name": "root",
    "gauges": {
        "MoveToTarget.Policy.Entropy.mean": {
            "value": 0.42635655403137207,
            "min": 0.4068743884563446,
            "max": 1.9440422058105469,
            "count": 200
        },
        "MoveToTarget.Policy.Entropy.sum": {
            "value": 4279.3408203125,
            "min": 4042.297119140625,
            "max": 19739.8046875,
            "count": 200
        },
        "MoveToTarget.Step.mean": {
            "value": 1999964.0,
            "min": 9980.0,
            "max": 1999964.0,
            "count": 200
        },
        "MoveToTarget.Step.sum": {
            "value": 1999964.0,
            "min": 9980.0,
            "max": 1999964.0,
            "count": 200
        },
        "MoveToTarget.Policy.ExtrinsicValueEstimate.mean": {
            "value": 11.1990385055542,
            "min": -5.661570072174072,
            "max": 12.19507122039795,
            "count": 200
        },
        "MoveToTarget.Policy.ExtrinsicValueEstimate.sum": {
            "value": 2710.167236328125,
            "min": -1137.9755859375,
            "max": 2902.427001953125,
            "count": 200
        },
        "MoveToTarget.Losses.PolicyLoss.mean": {
            "value": 0.2381351592683961,
            "min": 0.23433205614518332,
            "max": 0.25147770354272936,
            "count": 200
        },
        "MoveToTarget.Losses.PolicyLoss.sum": {
            "value": 18.812677582203293,
            "min": 17.037831237713178,
            "max": 20.219500485860376,
            "count": 200
        },
        "MoveToTarget.Losses.ValueLoss.mean": {
            "value": 9.673896984031407,
            "min": 1.9483396568659586,
            "max": 31.584689638474728,
            "count": 200
        },
        "MoveToTarget.Losses.ValueLoss.sum": {
            "value": 764.2378617384811,
            "min": 142.22879495121498,
            "max": 2337.26703324713,
            "count": 200
        },
        "MoveToTarget.Policy.LearningRate.mean": {
            "value": 7.389408929601268e-07,
            "min": 7.389408929601268e-07,
            "max": 0.0002992615707940883,
            "count": 200
        },
        "MoveToTarget.Policy.LearningRate.sum": {
            "value": 5.837633054385002e-05,
            "min": 5.837633054385002e-05,
            "max": 0.022106227181257643,
            "count": 200
        },
        "MoveToTarget.Policy.Epsilon.mean": {
            "value": 0.10024628037974684,
            "min": 0.10024628037974684,
            "max": 0.19975385684931507,
            "count": 200
        },
        "MoveToTarget.Policy.Epsilon.sum": {
            "value": 7.91945615,
            "min": 7.897321399999999,
            "max": 14.9569428,
            "count": 200
        },
        "MoveToTarget.Policy.Beta.mean": {
            "value": 0.0005000000000000001,
            "min": 0.0005,
            "max": 0.0005000000000000001,
            "count": 200
        },
        "MoveToTarget.Policy.Beta.sum": {
            "value": 0.03950000000000001,
            "min": 0.035,
            "max": 0.04150000000000001,
            "count": 200
        },
        "MoveToTarget.Environment.EpisodeLength.mean": {
            "value": 48.05392156862745,
            "min": 46.98076923076923,
            "max": 99.0,
            "count": 200
        },
        "MoveToTarget.Environment.EpisodeLength.sum": {
            "value": 9803.0,
            "min": 9533.0,
            "max": 10110.0,
            "count": 200
        },
        "MoveToTarget.Environment.CumulativeReward.mean": {
            "value": 20.682158241669338,
            "min": -1.6575249826785214,
            "max": 22.40542712680837,
            "count": 200
        },
        "MoveToTarget.Environment.CumulativeReward.sum": {
            "value": 4219.160281300545,
            "min": -160.7799233198166,
            "max": 4391.350355863571,
            "count": 200
        },
        "MoveToTarget.Policy.ExtrinsicReward.mean": {
            "value": 20.682158241669338,
            "min": -1.6575249826785214,
            "max": 22.40542712680837,
            "count": 200
        },
        "MoveToTarget.Policy.ExtrinsicReward.sum": {
            "value": 4219.160281300545,
            "min": -160.7799233198166,
            "max": 4391.350355863571,
            "count": 200
        },
        "MoveToTarget.IsTraining.mean": {
            "value": 1.0,
            "min": 1.0,
            "max": 1.0,
            "count": 200
        },
        "MoveToTarget.IsTraining.sum": {
            "value": 1.0,
            "min": 1.0,
            "max": 1.0,
            "count": 200
        }
    },
    "metadata": {
        "timer_format_version": "0.1.0",
        "start_time_seconds": "1692378234",
        "python_version": "3.9.13 (main, Aug 12 2023, 09:56:37) \n[GCC 13.2.1 20230801]",
        "command_line_arguments": "/home/vitor/Documents/repos/SimuladorDeConducao/venv/bin/mlagents-learn config/carsim.yaml --env=Build/CarSim --run-id=CarSim6.2.3_ALL_ArchL-2 --num-envs=8 --force",
        "mlagents_version": "0.30.0",
        "mlagents_envs_version": "0.30.0",
        "communication_protocol_version": "1.5.0",
        "pytorch_version": "1.11.0+cpu",
        "numpy_version": "1.21.2",
        "end_time_seconds": "1692382117"
    },
    "total": 3883.5922073,
    "count": 1,
    "self": 0.37105977999999595,
    "children": {
        "run_training.setup": {
            "total": 0.044182129999853714,
            "count": 1,
            "self": 0.044182129999853714
        },
        "TrainerController.start_learning": {
            "total": 3883.17696539,
            "count": 1,
            "self": 14.805282920187892,
            "children": {
                "TrainerController._reset_env": {
                    "total": 3.883294816999978,
                    "count": 1,
                    "self": 3.883294816999978
                },
                "TrainerController.advance": {
                    "total": 3864.4437382418128,
                    "count": 479921,
                    "self": 9.591097657784303,
                    "children": {
                        "env_step": {
                            "total": 2319.6441796930394,
                            "count": 479921,
                            "self": 804.8406690386769,
                            "children": {
                                "SubprocessEnvManager._take_step": {
                                    "total": 1500.061364980278,
                                    "count": 2030608,
                                    "self": 86.25404485283184,
                                    "children": {
                                        "TorchPolicy.evaluate": {
                                            "total": 1413.8073201274462,
                                            "count": 2000258,
                                            "self": 1413.8073201274462
                                        }
                                    }
                                },
                                "workers": {
                                    "total": 14.74214567408444,
                                    "count": 479921,
                                    "self": 0.0,
                                    "children": {
                                        "worker_root": {
                                            "total": 31012.350263258337,
                                            "count": 2030605,
                                            "is_parallel": true,
                                            "self": 23969.458278277023,
                                            "children": {
                                                "run_training.setup": {
                                                    "total": 0.0,
                                                    "count": 0,