{"count":1,"self":35.688108799999995,"total":35.971845,"children":{"InitializeActuators":{"count":1,"self":0.0014529999999999999,"total":0.0014529999999999999,"children":null},"InitializeSensors":{"count":1,"self":0.003385,"total":0.003385,"children":null},"AgentSendState":{"count":1705,"self":0.021724999999999998,"total":0.037179,"children":{"CollectObservations":{"count":341,"self":0.00086199999999999992,"total":0.00086199999999999992,"children":null},"WriteActionMask":{"count":341,"self":0.00044899999999999996,"total":0.00044899999999999996,"children":null},"RequestDecision":{"count":341,"self":0.014143,"total":0.014143,"children":null}}},"DecideAction":{"count":1705,"self":0.223082,"total":0.224899,"children":{"RayPerceptionSensor.Perceive":{"count":341,"self":0.0018169999999999998,"total":0.0018169999999999998,"children":null}}},"AgentAct":{"count":1705,"self":0.016322,"total":0.016322,"children":null}},"gauges":{"MoveToTarget.CumulativeReward":{"count":2,"max":1.27937555,"min":1.1997503,"runningAverage":1.239563,"value":1.1997503,"weightedAverage":1.25946927}},"metadata":{"timer_format_version":"0.1.0","start_time_seconds":"1699565393","unity_version":"2022.3.7f1","command_line_arguments":"\/home\/vitor\/Unity\/Hub\/Editor\/2022.3.7f1\/Editor\/Unity -projectpath \/home\/vitor\/Documents\/repos\/SimuladorDeConducao -useHub -hubIPC -cloudEnvironment production -licensingIpc LicenseClient-vitor -hubSessionId 9005c3c4-649f-464a-a615-6e1615342c97 -accessToken wQNr07swLSUcmh3KDeDJYJYlBvDd42f8TXHBr-35CdQ004f","communication_protocol_version":"1.5.0","com.unity.ml-agents_version":"2.0.1","scene_name":"SampleScene","end_time_seconds":"1699565429"}}