{"count":1,"self":9230.0754944,"total":13786.869643999999,"children":{"InitializeActuators":{"count":1,"self":0.001622,"total":0.001622,"children":null},"InitializeSensors":{"count":1,"self":0.003408,"total":0.003408,"children":null},"AgentSendState":{"count":12000551,"self":100.120896,"total":124.14134999999999,"children":{"CollectObservations":{"count":1200056,"self":1.332025,"total":1.332025,"children":null},"WriteActionMask":{"count":1200056,"self":0.64249499999999993,"total":0.64249499999999993,"children":null},"RequestDecision":{"count":1200056,"self":2.618836,"total":22.045932999999998,"children":{"AgentInfo.ToProto":{"count":1200056,"self":2.750124,"total":19.427097,"children":{"GenerateSensorData":{"count":1200056,"self":12.7893168,"total":16.676973,"children":{"RayPerceptionSensor.Perceive":{"count":2400112,"self":3.887656,"total":3.887656,"children":null}}}}}}}}},"DecideAction":{"count":12000551,"self":4360.5417984,"total":4360.5417879999995,"children":null},"AgentAct":{"count":12000551,"self":71.8310784,"total":72.105111999999991,"children":{"AgentInfo.ToProto":{"count":15004,"self":0.037822,"total":0.27403299999999997,"children":{"GenerateSensorData":{"count":15004,"self":0.18373399999999998,"total":0.23621099999999998,"children":{"RayPerceptionSensor.Perceive":{"count":30008,"self":0.052476999999999996,"total":0.052476999999999996,"children":null}}}}}}}},"gauges":{"MoveToTarget.CumulativeReward":{"count":15004,"max":1.42987609,"min":-0.9760605,"runningAverage":-0.4473914,"value":-0.36481145,"weightedAverage":-0.4989187}},"metadata":{"timer_format_version":"0.1.0","start_time_seconds":"1700523326","unity_version":"2022.3.7f1","command_line_arguments":"\/home\/vitor\/Unity\/Hub\/Editor\/2022.3.7f1\/Editor\/Unity -projectpath \/home\/vitor\/Documents\/repos\/SimuladorDeConducao -useHub -hubIPC -cloudEnvironment production -licensingIpc LicenseClient-vitor -hubSessionId 7dba8981-68a6-4fbd-aa26-09306cb3b625 -accessToken M5M8VyZdTngI2iy9mAAcwpjW8GqSl_Dq40e9aadzFSE004f","communication_protocol_version":"1.5.0","com.unity.ml-agents_version":"2.0.1","scene_name":"SampleScene","end_time_seconds":"1700537113"}}