{
    "name": "root",
    "gauges": {
        "MoveToTarget.Policy.Entropy.mean": {
            "value": 0.8277967572212219,
            "min": 0.8277967572212219,
            "max": 1.8763927221298218,
            "count": 200
        },
        "MoveToTarget.Policy.Entropy.sum": {
            "value": 8244.85546875,
            "min": 8244.85546875,
            "max": 18711.388671875,
            "count": 200
        },
        "MoveToTarget.Step.mean": {
            "value": 1999977.0,
            "min": 9992.0,
            "max": 1999977.0,
            "count": 200
        },
        "MoveToTarget.Step.sum": {
            "value": 1999977.0,
            "min": 9992.0,
            "max": 1999977.0,
            "count": 200
        },
        "MoveToTarget.Policy.ExtrinsicValueEstimate.mean": {
            "value": -0.6605669260025024,
            "min": -1.1869484186172485,
            "max": -0.6495996713638306,
            "count": 200
        },
        "MoveToTarget.Policy.ExtrinsicValueEstimate.sum": {
            "value": -132.11338806152344,
            "min": -235.0157928466797,
            "max": -129.91993713378906,
            "count": 200
        },
        "MoveToTarget.Losses.PolicyLoss.mean": {
            "value": 0.24470669338842713,
            "min": 0.23710271312988107,
            "max": 0.2556166697509663,
            "count": 200
        },
        "MoveToTarget.Losses.PolicyLoss.sum": {
            "value": 20.55536224462788,
            "min": 12.796464799429335,
            "max": 20.799316739613033,
            "count": 200
        },
        "MoveToTarget.Losses.ValueLoss.mean": {
            "value": 0.022983730932597254,
            "min": 0.010199251689626718,
            "max": 0.17015784226482572,
            "count": 200
        },
        "MoveToTarget.Losses.ValueLoss.sum": {
            "value": 1.9306333983381694,
            "min": 0.6833498632049901,
            "max": 11.570733274008148,
            "count": 200
        },
        "MoveToTarget.Policy.LearningRate.mean": {
            "value": 7.511515353636911e-07,
            "min": 7.511515353636911e-07,
            "max": 0.00029911858852909803,
            "count": 200
        },
        "MoveToTarget.Policy.LearningRate.sum": {
            "value": 6.309672897055005e-05,
            "min": 6.309672897055005e-05,
            "max": 0.022991469136177,
            "count": 200
        },
        "MoveToTarget.Policy.Epsilon.mean": {
            "value": 0.10025035059523812,
            "min": 0.10025035059523812,
            "max": 0.1997061960784314,
            "count": 200
        },
        "MoveToTarget.Policy.Epsilon.sum": {
            "value": 8.421029450000002,
            "min": 6.781550200000001,
            "max": 15.503382649999999,
            "count": 200
        },
        "MoveToTarget.Policy.Beta.mean": {
            "value": 0.0005000000000000001,
            "min": 0.0005,
            "max": 0.0005000000000000001,
            "count": 200
        },
        "MoveToTarget.Policy.Beta.sum": {
            "value": 0.04200000000000001,
            "min": 0.025500000000000002,
            "max": 0.04200000000000001,
            "count": 200
        },
        "MoveToTarget.Environment.EpisodeLength.mean": {
            "value": 99.01,
            "min": 99.0,
            "max": 102.5979381443299,
            "count": 200
        },
        "MoveToTarget.Environment.EpisodeLength.sum": {
            "value": 9901.0,
            "min": 9595.0,
            "max": 10171.0,
            "count": 200
        },
        "MoveToTarget.Environment.CumulativeReward.mean": {
            "value": -1.198020142286715,
            "min": -1.3522221497212998,
            "max": -1.0993401434310932,
            "count": 200
        },
        "MoveToTarget.Environment.CumulativeReward.sum": {
            "value": -118.60399408638477,
            "min": -133.86999282240868,
            "max": -106.63599391281605,
            "count": 200
        },
        "MoveToTarget.Policy.ExtrinsicReward.mean": {
            "value": -1.198020142286715,
            "min": -1.3522221497212998,
            "max": -1.0993401434310932,
            "count": 200
        },
        "MoveToTarget.Policy.ExtrinsicReward.sum": {
            "value": -118.60399408638477,
            "min": -133.86999282240868,
            "max": -106.63599391281605,
            "count": 200
        },
        "MoveToTarget.IsTraining.mean": {
            "value": 1.0,
            "min": 1.0,
            "max": 1.0,
            "count": 200
        },
        "MoveToTarget.IsTraining.sum": {
            "value": 1.0,
            "min": 1.0,
            "max": 1.0,
            "count": 200
        }
    },
    "metadata": {
        "timer_format_version": "0.1.0",
        "start_time_seconds": "1688687202",
        "python_version": "3.9.13 (tags/v3.9.13:6de2ca5, May 17 2022, 16:36:42) [MSC v.1929 64 bit (AMD64)]",
        "command_line_arguments": "C:\\Users\\vitor\\SimuladorDeDirecao\\venv\\Scripts\\mlagents-learn config/carsim.yaml --run-id=CarSim3.1",
        "mlagents_version": "0.30.0",
        "mlagents_envs_version": "0.30.0",
        "communication_protocol_version": "1.5.0",
        "pytorch_version": "1.7.1+cpu",
        "numpy_version": "1.21.2",
        "end_time_seconds": "1688692894"
    },
    "total": 5691.9154308,
    "count": 1,
    "self": 0.009631199999603268,
    "children": {
        "run_training.setup": {
            "total": 0.06249450000000001,
            "count": 1,
            "self": 0.06249450000000001
        },
        "TrainerController.start_learning": {
            "total": 5691.8433051,
            "count": 1,
            "self": 5.338260400048057,
            "children": {
                "TrainerController._reset_env": {
                    "total": 5.354820800000001,
                    "count": 1,
                    "self": 5.354820800000001
                },
                "TrainerController.advance": {
                    "total": 5681.110096599952,
                    "count": 350547,
                    "self": 4.9211255000018355,
                    "children": {
                        "env_step": {
                            "total": 3634.8419717998745,
                            "count": 350547,
                            "self": 3323.260587800076,
                            "children": {
                                "SubprocessEnvManager._take_step": {
                                    "total": 308.3441552999633,
                                    "count": 350547,
                                    "self": 11.988687100293873,
                                    "children": {
                                        "TorchPolicy.evaluate": {
                                            "total": 296.3554681996694,
                                            "count": 333354,
                                            "self": 296.3554681996694
                                        }
                                    }
                                },
                                "workers": {
                                    "total": 3.237228699835322,
                                    "count": 350547,
                                    "self": 0.0,
                                    "children": {
                                        "worker_root": {
                                            "total": 5680.090813500031,
                                            "count": 350547,
                                            "is_parallel": true,
                                            "self": 2598.9765494002263,
                                            "children": {
                                                "steps_from_proto": {
                                                    "total": 0.00038450000000000983,
                                                    "count": 1,