{
    "name": "root",
    "gauges": {
        "MoveToTarget.Policy.Entropy.mean": {
            "value": 1.1658128499984741,
            "min": 1.098564863204956,
            "max": 1.793291687965393,
            "count": 50
        },
        "MoveToTarget.Policy.Entropy.sum": {
            "value": 11641.806640625,
            "min": 10975.76171875,
            "max": 17882.705078125,
            "count": 50
        },
        "MoveToTarget.Step.mean": {
            "value": 499968.0,
            "min": 9972.0,
            "max": 499968.0,
            "count": 50
        },
        "MoveToTarget.Step.sum": {
            "value": 499968.0,
            "min": 9972.0,
            "max": 499968.0,
            "count": 50
        },
        "MoveToTarget.Policy.ExtrinsicValueEstimate.mean": {
            "value": -1.360837459564209,
            "min": -3.0762972831726074,
            "max": 2.0236518383026123,
            "count": 50
        },
        "MoveToTarget.Policy.ExtrinsicValueEstimate.sum": {
            "value": -278.9716796875,
            "min": -618.3357543945312,
            "max": 408.7776794433594,
            "count": 50
        },
        "MoveToTarget.Environment.EpisodeLength.mean": {
            "value": 91.46296296296296,
            "min": 84.91379310344827,
            "max": 98.02970297029702,
            "count": 50
        },
        "MoveToTarget.Environment.EpisodeLength.sum": {
            "value": 9878.0,
            "min": 9803.0,
            "max": 9983.0,
            "count": 50
        },
        "MoveToTarget.Environment.CumulativeReward.mean": {
            "value": -2.7737035044917353,
            "min": -2.960593842043735,
            "max": -2.491379127420228,
            "count": 50
        },
        "MoveToTarget.Environment.CumulativeReward.sum": {
            "value": -299.5599784851074,
            "min": -301.45997869968414,
            "max": -286.2799786925316,
            "count": 50
        },
        "MoveToTarget.Policy.ExtrinsicReward.mean": {
            "value": -2.7737035044917353,
            "min": -2.960593842043735,
            "max": -2.491379127420228,
            "count": 50
        },
        "MoveToTarget.Policy.ExtrinsicReward.sum": {
            "value": -299.5599784851074,
            "min": -301.45997869968414,
            "max": -286.2799786925316,
            "count": 50
        },
        "MoveToTarget.Losses.PolicyLoss.mean": {
            "value": 0.2408478185780326,
            "min": 0.23703670265136528,
            "max": 0.2525922945888005,
            "count": 50
        },
        "MoveToTarget.Losses.PolicyLoss.sum": {
            "value": 16.377651663306217,
            "min": 16.11849578029284,
            "max": 17.681460621216036,
            "count": 50
        },
        "MoveToTarget.Losses.ValueLoss.mean": {
            "value": 0.05701559834863304,
            "min": 0.050056140170971715,
            "max": 106.37366350682761,
            "count": 50
        },
        "MoveToTarget.Losses.ValueLoss.sum": {
            "value": 3.8770606877070466,
            "min": 3.4038175316260766,
            "max": 7127.03545495745,
            "count": 50
        },
        "MoveToTarget.Policy.LearningRate.mean": {
            "value": 2.9973372362147064e-06,
            "min": 2.9973372362147064e-06,
            "max": 0.00029696984218652344,
            "count": 50
        },
        "MoveToTarget.Policy.LearningRate.sum": {
            "value": 0.00020381893206260004,
            "min": 0.00020381893206260004,
            "max": 0.020193949268683595,
            "count": 50
        },
        "MoveToTarget.Policy.Epsilon.mean": {
            "value": 0.10099907941176471,
            "min": 0.10099907941176471,
            "max": 0.19898994705882353,
            "count": 50
        },
        "MoveToTarget.Policy.Epsilon.sum": {
            "value": 6.867937400000001,
            "min": 6.867937400000001,
            "max": 13.5313164,
            "count": 50
        },
        "MoveToTarget.Policy.Beta.mean": {
            "value": 0.0005,
            "min": 0.0005,
            "max": 0.0005,
            "count": 50
        },
        "MoveToTarget.Policy.Beta.sum": {
            "value": 0.034,
            "min": 0.0335,
            "max": 0.035500000000000004,
            "count": 50
        },
        "MoveToTarget.IsTraining.mean": {
            "value": 1.0,
            "min": 1.0,
            "max": 1.0,
            "count": 50
        },
        "MoveToTarget.IsTraining.sum": {
            "value": 1.0,
            "min": 1.0,
            "max": 1.0,
            "count": 50
        }
    },
    "metadata": {
        "timer_format_version": "0.1.0",
        "start_time_seconds": "1688084043",
        "python_version": "3.9.13 (tags/v3.9.13:6de2ca5, May 17 2022, 16:36:42) [MSC v.1929 64 bit (AMD64)]",
        "command_line_arguments": "C:\\Users\\vitor\\SimuladorDeDirecao\\venv\\Scripts\\mlagents-learn config/carsim.yaml.txt --run-id=CarSim2",
        "mlagents_version": "0.30.0",
        "mlagents_envs_version": "0.30.0",
        "communication_protocol_version": "1.5.0",
        "pytorch_version": "1.7.1+cpu",
        "numpy_version": "1.21.2",
        "end_time_seconds": "1688087445"
    },
    "total": 3401.7535593,
    "count": 1,
    "self": 0.005977299999813113,
    "children": {
        "run_training.setup": {
            "total": 0.06533149999999999,
            "count": 1,
            "self": 0.06533149999999999
        },
        "TrainerController.start_learning": {
            "total": 3401.6822505,
            "count": 1,
            "self": 5.473850599976686,
            "children": {
                "TrainerController._reset_env": {
                    "total": 5.429354699999999,
                    "count": 1,
                    "self": 5.429354699999999
                },
                "TrainerController.advance": {
                    "total": 3390.7415587000232,
                    "count": 504743,
                    "self": 4.991172999992159,
                    "children": {
                        "env_step": {
                            "total": 2870.1771364000765,
                            "count": 504743,
                            "self": 2501.1203585000508,
                            "children": {
                                "SubprocessEnvManager._take_step": {
                                    "total": 365.54941779991947,
                                    "count": 504743,
                                    "self": 14.422898499796077,
                                    "children": {
                                        "TorchPolicy.evaluate": {
                                            "total": 351.1265193001234,
                                            "count": 500032,
                                            "self": 351.1265193001234
                                        }
                                    }
                                },
                                "workers": {
                                    "total": 3.5073601001063617,
                                    "count": 504743,
                                    "self": 0.0,
                                    "children": {
                                        "worker_root": {
                                            "total": 3389.074184499911,
                                            "count": 504743,
                                            "is_parallel": true,
                                            "self": 1125.6231261999264,
                                            "children": {
                                                "steps_from_proto": {
                                                    "total": 0.006954099999999741,
                                                    "count": 1,
                                                    "is_parallel": true,