{
    "name": "root",
    "gauges": {
        "MoveToTarget.Policy.Entropy.mean": {
            "value": 1.2532304525375366,
            "min": 1.2532304525375366,
            "max": 2.1029109954833984,
            "count": 50
        },
        "MoveToTarget.Policy.Entropy.sum": {
            "value": 25049.5703125,
            "min": 25049.5703125,
            "max": 42058.21875,
            "count": 50
        },
        "MoveToTarget.Environment.EpisodeLength.mean": {
            "value": 29.56269113149847,
            "min": 29.56269113149847,
            "max": 79.0,
            "count": 50
        },
        "MoveToTarget.Environment.EpisodeLength.sum": {
            "value": 19334.0,
            "min": 19328.0,
            "max": 19762.0,
            "count": 50
        },
        "MoveToTarget.Step.mean": {
            "value": 999979.0,
            "min": 19920.0,
            "max": 999979.0,
            "count": 50
        },
        "MoveToTarget.Step.sum": {
            "value": 999979.0,
            "min": 19920.0,
            "max": 999979.0,
            "count": 50
        },
        "MoveToTarget.Policy.ExtrinsicValueEstimate.mean": {
            "value": 1.217955470085144,
            "min": -0.2873494327068329,
            "max": 1.217955470085144,
            "count": 50
        },
        "MoveToTarget.Policy.ExtrinsicValueEstimate.sum": {
            "value": 796.5429077148438,
            "min": -71.83735656738281,
            "max": 796.5429077148438,
            "count": 50
        },
        "MoveToTarget.Environment.CumulativeReward.mean": {
            "value": 1.5222509158860653,
            "min": -0.6981442158959477,
            "max": 1.5222509158860653,
            "count": 50
        },
        "MoveToTarget.Environment.CumulativeReward.sum": {
            "value": 995.5520989894867,
            "min": -173.83790975809097,
            "max": 995.5520989894867,
            "count": 50
        },
        "MoveToTarget.Policy.ExtrinsicReward.mean": {
            "value": 1.5222509158860653,
            "min": -0.6981442158959477,
            "max": 1.5222509158860653,
            "count": 50
        },
        "MoveToTarget.Policy.ExtrinsicReward.sum": {
            "value": 995.5520989894867,
            "min": -173.83790975809097,
            "max": 995.5520989894867,
            "count": 50
        },
        "MoveToTarget.Losses.PolicyLoss.mean": {
            "value": 0.025473129904366943,
            "min": 0.021138697921492165,
            "max": 0.027026521746574873,
            "count": 50
        },
        "MoveToTarget.Losses.PolicyLoss.sum": {
            "value": 0.050946259808733886,
            "min": 0.021337863474309417,
            "max": 0.054053043493149745,
            "count": 50
        },
        "MoveToTarget.Losses.ValueLoss.mean": {
            "value": 0.0021609099050692747,
            "min": 0.0013024397667322773,
            "max": 0.054403059254400435,
            "count": 50
        },
        "MoveToTarget.Losses.ValueLoss.sum": {
            "value": 0.004321819810138549,
            "min": 0.0013200833840528504,
            "max": 0.10880611850880087,
            "count": 50
        },
        "MoveToTarget.Policy.LearningRate.mean": {
            "value": 9.861490139499995e-07,
            "min": 9.861490139499995e-07,
            "max": 9.896800103200004e-05,
            "count": 50
        },
        "MoveToTarget.Policy.LearningRate.sum": {
            "value": 1.972298027899999e-06,
            "min": 1.972298027899999e-06,
            "max": 0.00019484000516000003,
            "count": 50
        },
        "MoveToTarget.Policy.Epsilon.mean": {
            "value": 0.10197210000000001,
            "min": 0.10197210000000001,
            "max": 0.297936,
            "count": 50
        },
        "MoveToTarget.Policy.Epsilon.sum": {
            "value": 0.20394420000000002,
            "min": 0.1419656,
            "max": 0.58968,
            "count": 50
        },
        "MoveToTarget.Policy.Beta.mean": {
            "value": 0.0010000000000000002,
            "min": 0.0010000000000000002,
            "max": 0.0010000000000000002,
            "count": 50
        },
        "MoveToTarget.Policy.Beta.sum": {
            "value": 0.0020000000000000005,
            "min": 0.0010000000000000002,
            "max": 0.0020000000000000005,
            "count": 50
        },
        "MoveToTarget.IsTraining.mean": {
            "value": 1.0,
            "min": 1.0,
            "max": 1.0,
            "count": 50
        },
        "MoveToTarget.IsTraining.sum": {
            "value": 1.0,
            "min": 1.0,
            "max": 1.0,
            "count": 50
        }
    },
    "metadata": {
        "timer_format_version": "0.1.0",
        "start_time_seconds": "1699802421",
        "python_version": "3.9.13 (main, Aug 12 2023, 09:56:37) \n[GCC 13.2.1 20230801]",
        "command_line_arguments": "/home/vitor/Documents/repos/SimuladorDeConducao/venv/bin/mlagents-learn config/carsimPPO.yaml --run-id=CarSimPPO3.0_Path6 --force",
        "mlagents_version": "0.30.0",
        "mlagents_envs_version": "0.30.0",
        "communication_protocol_version": "1.5.0",
        "pytorch_version": "1.11.0+cpu",
        "numpy_version": "1.21.2",
        "end_time_seconds": "1699813792"
    },
    "total": 11371.381283171002,
    "count": 1,
    "self": 0.011585210995690431,
    "children": {
        "run_training.setup": {
            "total": 0.017550570002640598,
            "count": 1,
            "self": 0.017550570002640598
        },
        "TrainerController.start_learning": {
            "total": 11371.352147390004,
            "count": 1,
            "self": 16.23993828195671,
            "children": {
                "TrainerController._reset_env": {
                    "total": 4.799170074002177,
                    "count": 1,
                    "self": 4.799170074002177
                },
                "TrainerController.advance": {
                    "total": 11350.250079232042,
                    "count": 1026319,
                    "self": 14.652714863041183,
                    "children": {
                        "env_step": {
                            "total": 10581.62326095454,
                            "count": 1026319,
                            "self": 9889.375648904526,
                            "children": {
                                "SubprocessEnvManager._take_step": {
                                    "total": 682.4086214405179,
                                    "count": 1026319,
                                    "self": 36.08342426580202,
                                    "children": {
                                        "TorchPolicy.evaluate": {
                                            "total": 646.3251971747159,
                                            "count": 1000009,
                                            "self": 646.3251971747159
                                        }
                                    }
                                },
                                "workers": {
                                    "total": 9.83899060949625,
                                    "count": 1026319,
                                    "self": 0.0,
                                    "children": {
                                        "worker_root": {
                                            "total": 11351.181460500644,
                                            "count": 1026319,
                                            "is_parallel": true,
                                            "self": 2067.896419524106,
                                            "children": {
                                                "run_training.setup": {
                                                    "total": 0.0,
                                                    "count": 0,