{
    "name": "root",
    "gauges": {
        "MoveToTarget.Policy.Entropy.mean": {
            "value": 1.9242757558822632,
            "min": 1.9153045415878296,
            "max": 2.1134612560272217,
            "count": 480
        },
        "MoveToTarget.Policy.Entropy.sum": {
            "value": 19150.392578125,
            "min": 18926.041015625,
            "max": 21410.037109375,
            "count": 480
        },
        "MoveToTarget.Step.mean": {
            "value": 4799975.0,
            "min": 9992.0,
            "max": 4799975.0,
            "count": 480
        },
        "MoveToTarget.Step.sum": {
            "value": 4799975.0,
            "min": 9992.0,
            "max": 4799975.0,
            "count": 480
        },
        "MoveToTarget.Policy.ExtrinsicValueEstimate.mean": {
            "value": 0.06439331918954849,
            "min": -0.004250081721693277,
            "max": 0.11625517904758453,
            "count": 480
        },
        "MoveToTarget.Policy.ExtrinsicValueEstimate.sum": {
            "value": 12.9430570602417,
            "min": -0.8500163555145264,
            "max": 23.134780883789062,
            "count": 480
        },
        "MoveToTarget.Environment.EpisodeLength.mean": {
            "value": 94.65384615384616,
            "min": 89.3963963963964,
            "max": 99.0,
            "count": 480
        },
        "MoveToTarget.Environment.EpisodeLength.sum": {
            "value": 9844.0,
            "min": 9603.0,
            "max": 10199.0,
            "count": 480
        },
        "MoveToTarget.Environment.CumulativeReward.mean": {
            "value": 0.2555011935098079,
            "min": -0.00329226308097743,
            "max": 0.36384241806173867,
            "count": 480
        },
        "MoveToTarget.Environment.CumulativeReward.sum": {
            "value": 26.31662293151021,
            "min": -0.3259340450167656,
            "max": 40.02266598679125,
            "count": 480
        },
        "MoveToTarget.Policy.ExtrinsicReward.mean": {
            "value": 0.2555011935098079,
            "min": -0.00329226308097743,
            "max": 0.36384241806173867,
            "count": 480
        },
        "MoveToTarget.Policy.ExtrinsicReward.sum": {
            "value": 26.31662293151021,
            "min": -0.3259340450167656,
            "max": 40.02266598679125,
            "count": 480
        },
        "MoveToTarget.IsTraining.mean": {
            "value": 1.0,
            "min": 1.0,
            "max": 1.0,
            "count": 480
        },
        "MoveToTarget.IsTraining.sum": {
            "value": 1.0,
            "min": 1.0,
            "max": 1.0,
            "count": 480
        },
        "MoveToTarget.Losses.PolicyLoss.mean": {
            "value": 0.03317191856913269,
            "min": 0.015127740038830476,
            "max": 0.035904891121511656,
            "count": 467
        },
        "MoveToTarget.Losses.PolicyLoss.sum": {
            "value": 0.03317191856913269,
            "min": 0.015127740038830476,
            "max": 0.035904891121511656,
            "count": 467
        },
        "MoveToTarget.Losses.ValueLoss.mean": {
            "value": 0.01695181950926781,
            "min": 6.10497684344106e-05,
            "max": 0.029085640609264374,
            "count": 467
        },
        "MoveToTarget.Losses.ValueLoss.sum": {
            "value": 0.01695181950926781,
            "min": 6.10497684344106e-05,
            "max": 0.029085640609264374,
            "count": 467
        },
        "MoveToTarget.Policy.LearningRate.mean": {
            "value": 6.4895194375005056e-09,
            "min": 6.4895194375005056e-09,
            "max": 9.97855854775e-06,
            "count": 467
        },
        "MoveToTarget.Policy.LearningRate.sum": {
            "value": 6.4895194375005056e-09,
            "min": 6.4895194375005056e-09,
            "max": 9.97855854775e-06,
            "count": 467
        },
        "MoveToTarget.Policy.Epsilon.mean": {
            "value": 0.10006389583333333,
            "min": 0.10006389583333333,
            "max": 0.19978558333333332,
            "count": 467
        },
        "MoveToTarget.Policy.Epsilon.sum": {
            "value": 0.10006389583333333,
            "min": 0.10006389583333333,
            "max": 0.19978558333333332,
            "count": 467
        },
        "MoveToTarget.Policy.Beta.mean": {
            "value": 0.005000000000000001,
            "min": 0.005000000000000001,
            "max": 0.005000000000000001,
            "count": 467
        },
        "MoveToTarget.Policy.Beta.sum": {
            "value": 0.005000000000000001,
            "min": 0.005000000000000001,
            "max": 0.005000000000000001,
            "count": 467
        }
    },
    "metadata": {
        "timer_format_version": "0.1.0",
        "start_time_seconds": "1699016004",
        "python_version": "3.9.13 (main, Aug 12 2023, 09:56:37) \n[GCC 13.2.1 20230801]",
        "command_line_arguments": "/home/vitor/Documents/repos/SimuladorDeConducao/venv/bin/mlagents-learn config/carsimPPO.yaml --env=Build/CarSim --run-id=CarSimPPO1.2 --num-envs=8 --force",
        "mlagents_version": "0.30.0",
        "mlagents_envs_version": "0.30.0",
        "communication_protocol_version": "1.5.0",
        "pytorch_version": "1.11.0+cpu",
        "numpy_version": "1.21.2",
        "end_time_seconds": "1699022830"
    },
    "total": 6825.851213984,
    "count": 1,
    "self": 0.5812773710003967,
    "children": {
        "run_training.setup": {
            "total": 0.0423482750002222,
            "count": 1,
            "self": 0.0423482750002222
        },
        "TrainerController.start_learning": {
            "total": 6825.227588338,
            "count": 1,
            "self": 34.37980107005751,
            "children": {
                "TrainerController._reset_env": {
                    "total": 3.6762974599996596,
                    "count": 1,
                    "self": 3.6762974599996596
                },
                "TrainerController.advance": {
                    "total": 6787.099993705942,
                    "count": 1151125,
                    "self": 21.67672356375988,
                    "children": {
                        "env_step": {
                            "total": 5493.397423016552,
                            "count": 1151125,
                            "self": 1987.9838058007372,
                            "children": {
                                "SubprocessEnvManager._take_step": {
                                    "total": 3470.544848154789,
                                    "count": 4836871,
                                    "self": 202.6583366404684,
                                    "children": {
                                        "TorchPolicy.evaluate": {
                                            "total": 3267.886511514321,
                                            "count": 4800212,
                                            "self": 3267.886511514321
                                        }
                                    }
                                },
                                "workers": {
                                    "total": 34.86876906102589,
                                    "count": 1151125,
                                    "self": 0.0,
                                    "children": {
                                        "worker_root": {
                                            "total": 54468.67029469531,
                                            "count": 4836868,
                                            "is_parallel": true,
                                            "self": 37696.90765846525,
                                            "children": {
                                                "run_training.setup": {
                                                    "total": 0.0,