{
    "name": "root",
    "gauges": {
        "MoveToTarget.Policy.Entropy.mean": {
            "value": 1.595911979675293,
            "min": 1.5936459302902222,
            "max": 2.1129093170166016,
            "count": 300
        },
        "MoveToTarget.Policy.Entropy.sum": {
            "value": 15938.373046875,
            "min": 15938.373046875,
            "max": 21129.09375,
            "count": 300
        },
        "MoveToTarget.Step.mean": {
            "value": 2999987.0,
            "min": 9984.0,
            "max": 2999987.0,
            "count": 300
        },
        "MoveToTarget.Step.sum": {
            "value": 2999987.0,
            "min": 9984.0,
            "max": 2999987.0,
            "count": 300
        },
        "MoveToTarget.Policy.ExtrinsicValueEstimate.mean": {
            "value": 0.7479487061500549,
            "min": -0.3431307375431061,
            "max": 0.7581247091293335,
            "count": 300
        },
        "MoveToTarget.Policy.ExtrinsicValueEstimate.sum": {
            "value": 251.31076049804688,
            "min": -85.78268432617188,
            "max": 259.2786560058594,
            "count": 300
        },
        "MoveToTarget.Environment.EpisodeLength.mean": {
            "value": 31.320388349514563,
            "min": 30.509375,
            "max": 79.0,
            "count": 300
        },
        "MoveToTarget.Environment.EpisodeLength.sum": {
            "value": 9678.0,
            "min": 9619.0,
            "max": 9917.0,
            "count": 300
        },
        "MoveToTarget.Environment.CumulativeReward.mean": {
            "value": 1.0618361860127896,
            "min": -0.3387097072366986,
            "max": 1.1105599759794702,
            "count": 300
        },
        "MoveToTarget.Environment.CumulativeReward.sum": {
            "value": 328.107381477952,
            "min": -42.00000369735062,
            "max": 354.268632337451,
            "count": 300
        },
        "MoveToTarget.Policy.ExtrinsicReward.mean": {
            "value": 1.0618361860127896,
            "min": -0.3387097072366986,
            "max": 1.1105599759794702,
            "count": 300
        },
        "MoveToTarget.Policy.ExtrinsicReward.sum": {
            "value": 328.107381477952,
            "min": -42.00000369735062,
            "max": 354.268632337451,
            "count": 300
        },
        "MoveToTarget.IsTraining.mean": {
            "value": 1.0,
            "min": 1.0,
            "max": 1.0,
            "count": 300
        },
        "MoveToTarget.IsTraining.sum": {
            "value": 1.0,
            "min": 1.0,
            "max": 1.0,
            "count": 300
        },
        "MoveToTarget.Losses.PolicyLoss.mean": {
            "value": 0.024265099867625393,
            "min": 0.017171931898337787,
            "max": 0.030574109337248957,
            "count": 292
        },
        "MoveToTarget.Losses.PolicyLoss.sum": {
            "value": 0.024265099867625393,
            "min": 0.017171931898337787,
            "max": 0.030574109337248957,
            "count": 292
        },
        "MoveToTarget.Losses.ValueLoss.mean": {
            "value": 0.1123978084884584,
            "min": 0.0005026197617553407,
            "max": 0.1743660492822528,
            "count": 292
        },
        "MoveToTarget.Losses.ValueLoss.sum": {
            "value": 0.1123978084884584,
            "min": 0.0005026197617553407,
            "max": 0.1743660492822528,
            "count": 292
        },
        "MoveToTarget.Policy.LearningRate.mean": {
            "value": 1.2993204400000313e-08,
            "min": 1.2993204400000313e-08,
            "max": 9.9656536768e-06,
            "count": 292
        },
        "MoveToTarget.Policy.LearningRate.sum": {
            "value": 1.2993204400000313e-08,
            "min": 1.2993204400000313e-08,
            "max": 9.9656536768e-06,
            "count": 292
        },
        "MoveToTarget.Policy.Epsilon.mean": {
            "value": 0.10012893333333331,
            "min": 0.10012893333333331,
            "max": 0.19965653333333333,
            "count": 292
        },
        "MoveToTarget.Policy.Epsilon.sum": {
            "value": 0.10012893333333331,
            "min": 0.10012893333333331,
            "max": 0.19965653333333333,
            "count": 292
        },
        "MoveToTarget.Policy.Beta.mean": {
            "value": 0.004999999999999999,
            "min": 0.004999999999999999,
            "max": 0.004999999999999999,
            "count": 292
        },
        "MoveToTarget.Policy.Beta.sum": {
            "value": 0.004999999999999999,
            "min": 0.004999999999999999,
            "max": 0.004999999999999999,
            "count": 292
        }
    },
    "metadata": {
        "timer_format_version": "0.1.0",
        "start_time_seconds": "1699229698",
        "python_version": "3.9.13 (main, Aug 12 2023, 09:56:37) \n[GCC 13.2.1 20230801]",
        "command_line_arguments": "/home/vitor/Documents/repos/SimuladorDeConducao/venv/bin/mlagents-learn config/carsimPPO_fast.yaml --env=Build/CarSim_Path8 --run-id=CarSimPPO1.3.5-Path8-fast-Buffer10k",
        "mlagents_version": "0.30.0",
        "mlagents_envs_version": "0.30.0",
        "communication_protocol_version": "1.5.0",
        "pytorch_version": "1.11.0+cpu",
        "numpy_version": "1.21.2",
        "end_time_seconds": "1699260758"
    },
    "total": 31060.163268100994,
    "count": 1,
    "self": 0.21810091599763837,
    "children": {
        "run_training.setup": {
            "total": 0.01698698099789908,
            "count": 1,
            "self": 0.01698698099789908
        },
        "TrainerController.start_learning": {
            "total": 31059.928180204,
            "count": 1,
            "self": 32.85409169547347,
            "children": {
                "TrainerController._reset_env": {
                    "total": 3.2609321030031424,
                    "count": 1,
                    "self": 3.2609321030031424
                },
                "TrainerController.advance": {
                    "total": 31023.771013467514,
                    "count": 3061581,
                    "self": 33.52616263127129,
                    "children": {
                        "env_step": {
                            "total": 29216.77316866038,
                            "count": 3061581,
                            "self": 27663.103233059555,
                            "children": {
                                "SubprocessEnvManager._take_step": {
                                    "total": 1532.8624130287717,
                                    "count": 3061581,
                                    "self": 93.0518318433169,
                                    "children": {
                                        "TorchPolicy.evaluate": {
                                            "total": 1439.8105811854548,
                                            "count": 3000015,
                                            "self": 1439.8105811854548
                                        }
                                    }
                                },
                                "workers": {
                                    "total": 20.80752257205313,
                                    "count": 3061581,
                                    "self": 0.0,
                                    "children": {
                                        "worker_root": {
                                            "total": 31016.45325429942,
                                            "count": 3061581,
                                            "is_parallel": true,
                                            "self": 4712.32862429502,
                                            "children": {
                                                "run_training.setup": {
                                                    "total": 0.0,