{
    "name": "root",
    "gauges": {
        "MoveToTarget.Policy.Entropy.mean": {
            "value": -0.27434399724006653,
            "min": -0.31610599160194397,
            "max": 2.082737445831299,
            "count": 200
        },
        "MoveToTarget.Policy.Entropy.sum": {
            "value": -2743.43994140625,
            "min": -3164.220947265625,
            "max": 20827.375,
            "count": 200
        },
        "MoveToTarget.Step.mean": {
            "value": 1999948.0,
            "min": 9942.0,
            "max": 1999948.0,
            "count": 200
        },
        "MoveToTarget.Step.sum": {
            "value": 1999948.0,
            "min": 9942.0,
            "max": 1999948.0,
            "count": 200
        },
        "MoveToTarget.Policy.ExtrinsicValueEstimate.mean": {
            "value": 0.09637247025966644,
            "min": -0.5165055990219116,
            "max": 1.0567001104354858,
            "count": 200
        },
        "MoveToTarget.Policy.ExtrinsicValueEstimate.sum": {
            "value": 15.419594764709473,
            "min": -83.15740203857422,
            "max": 171.1854248046875,
            "count": 200
        },
        "MoveToTarget.Losses.PolicyLoss.mean": {
            "value": 0.24907717512029864,
            "min": 0.23462489505148804,
            "max": 0.2532736041621842,
            "count": 200
        },
        "MoveToTarget.Losses.PolicyLoss.sum": {
            "value": 19.926174009623892,
            "min": 18.692843629048856,
            "max": 20.261888332974735,
            "count": 200
        },
        "MoveToTarget.Losses.ValueLoss.mean": {
            "value": 0.03868148007013966,
            "min": 1.4829071553104125e-05,
            "max": 1.2278179229306112,
            "count": 200
        },
        "MoveToTarget.Losses.ValueLoss.sum": {
            "value": 3.094518405611173,
            "min": 0.00118632572424833,
            "max": 96.99761591151828,
            "count": 200
        },
        "MoveToTarget.Policy.LearningRate.mean": {
            "value": 7.487497504500001e-07,
            "min": 7.487497504500001e-07,
            "max": 0.0002992497724019747,
            "count": 200
        },
        "MoveToTarget.Policy.LearningRate.sum": {
            "value": 5.989998003600001e-05,
            "min": 5.989998003600001e-05,
            "max": 0.0239963689012104,
            "count": 200
        },
        "MoveToTarget.Policy.Epsilon.mean": {
            "value": 0.10024954999999999,
            "min": 0.10024954999999999,
            "max": 0.19974992405063294,
            "count": 200
        },
        "MoveToTarget.Policy.Epsilon.sum": {
            "value": 8.019964,
            "min": 7.998574050000001,
            "max": 16.098789600000003,
            "count": 200
        },
        "MoveToTarget.Policy.Beta.mean": {
            "value": 0.0005000000000000001,
            "min": 0.0005000000000000001,
            "max": 0.0005000000000000001,
            "count": 200
        },
        "MoveToTarget.Policy.Beta.sum": {
            "value": 0.04000000000000001,
            "min": 0.03900000000000001,
            "max": 0.04050000000000001,
            "count": 200
        },
        "MoveToTarget.Environment.EpisodeLength.mean": {
            "value": 249.0,
            "min": 207.3404255319149,
            "max": 249.0,
            "count": 200
        },
        "MoveToTarget.Environment.EpisodeLength.sum": {
            "value": 9960.0,
            "min": 9733.0,
            "max": 10138.0,
            "count": 200
        },
        "MoveToTarget.Environment.CumulativeReward.mean": {
            "value": 0.1878600511699915,
            "min": -0.6682808956220037,
            "max": 1.2603292108202975,
            "count": 200
        },
        "MoveToTarget.Environment.CumulativeReward.sum": {
            "value": 7.51440204679966,
            "min": -28.067797616124153,
            "max": 60.495802119374275,
            "count": 200
        },
        "MoveToTarget.Policy.ExtrinsicReward.mean": {
            "value": 0.1878600511699915,
            "min": -0.6682808956220037,
            "max": 1.2603292108202975,
            "count": 200
        },
        "MoveToTarget.Policy.ExtrinsicReward.sum": {
            "value": 7.51440204679966,
            "min": -28.067797616124153,
            "max": 60.495802119374275,
            "count": 200
        },
        "MoveToTarget.IsTraining.mean": {
            "value": 1.0,
            "min": 1.0,
            "max": 1.0,
            "count": 200
        },
        "MoveToTarget.IsTraining.sum": {
            "value": 1.0,
            "min": 1.0,
            "max": 1.0,
            "count": 200
        }
    },
    "metadata": {
        "timer_format_version": "0.1.0",
        "start_time_seconds": "1691430422",
        "python_version": "3.9.13 (tags/v3.9.13:6de2ca5, May 17 2022, 16:36:42) [MSC v.1929 64 bit (AMD64)]",
        "command_line_arguments": "C:\\Users\\vitor\\SimuladorDeDirecao\\venv\\Scripts\\mlagents-learn config/carsim.yaml --run-id=CarSim6.1",
        "mlagents_version": "0.30.0",
        "mlagents_envs_version": "0.30.0",
        "communication_protocol_version": "1.5.0",
        "pytorch_version": "1.7.1+cpu",
        "numpy_version": "1.21.2",
        "end_time_seconds": "1691444774"
    },
    "total": 14352.057951,
    "count": 1,
    "self": 0.006511200001114048,
    "children": {
        "run_training.setup": {
            "total": 0.06325060000000005,
            "count": 1,
            "self": 0.06325060000000005
        },
        "TrainerController.start_learning": {
            "total": 14351.9881892,
            "count": 1,
            "self": 21.072527199738033,
            "children": {
                "TrainerController._reset_env": {
                    "total": 14.960404800000001,
                    "count": 1,
                    "self": 14.960404800000001
                },
                "TrainerController.advance": {
                    "total": 14315.912182000262,
                    "count": 2007471,
                    "self": 20.137255601179277,
                    "children": {
                        "env_step": {
                            "total": 12220.776848198124,
                            "count": 2007471,
                            "self": 10774.663669797093,
                            "children": {
                                "SubprocessEnvManager._take_step": {
                                    "total": 1432.0143813990856,
                                    "count": 2007471,
                                    "self": 57.79532369930712,
                                    "children": {
                                        "TorchPolicy.evaluate": {
                                            "total": 1374.2190576997784,
                                            "count": 2000006,
                                            "self": 1374.2190576997784
                                        }
                                    }
                                },
                                "workers": {
                                    "total": 14.098797001944558,
                                    "count": 2007471,
                                    "self": 0.0,
                                    "children": {
                                        "worker_root": {
                                            "total": 14309.250738199396,
                                            "count": 2007471,
                                            "is_parallel": true,
                                            "self": 4466.209355599747,
                                            "children": {
                                                "steps_from_proto": {
                                                    "total": 0.0003090999999990629,
                                                    "count": 1,