{
    "name": "root",
    "gauges": {
        "MoveToTarget.Policy.Entropy.mean": {
            "value": 2.116710662841797,
            "min": 2.107637643814087,
            "max": 2.1175131797790527,
            "count": 480
        },
        "MoveToTarget.Policy.Entropy.sum": {
            "value": 21340.677734375,
            "min": 20780.2109375,
            "max": 21571.67578125,
            "count": 480
        },
        "MoveToTarget.Step.mean": {
            "value": 4799992.0,
            "min": 9992.0,
            "max": 4799992.0,
            "count": 480
        },
        "MoveToTarget.Step.sum": {
            "value": 4799992.0,
            "min": 9992.0,
            "max": 4799992.0,
            "count": 480
        },
        "MoveToTarget.Policy.ExtrinsicValueEstimate.mean": {
            "value": -1.0404365062713623,
            "min": -1.1024551391601562,
            "max": -0.11205378919839859,
            "count": 480
        },
        "MoveToTarget.Policy.ExtrinsicValueEstimate.sum": {
            "value": -208.08729553222656,
            "min": -219.38858032226562,
            "max": -22.298704147338867,
            "count": 480
        },
        "MoveToTarget.Environment.EpisodeLength.mean": {
            "value": 99.0,
            "min": 99.0,
            "max": 99.0,
            "count": 480
        },
        "MoveToTarget.Environment.EpisodeLength.sum": {
            "value": 9801.0,
            "min": 9504.0,
            "max": 10296.0,
            "count": 480
        },
        "MoveToTarget.Environment.CumulativeReward.mean": {
            "value": -0.9636262208223343,
            "min": -1.2516527661681176,
            "max": -0.9065466824087124,
            "count": 480
        },
        "MoveToTarget.Environment.CumulativeReward.sum": {
            "value": -96.36262208223343,
            "min": -125.16527661681175,
            "max": -89.77932840585709,
            "count": 480
        },
        "MoveToTarget.Policy.ExtrinsicReward.mean": {
            "value": -0.9636262208223343,
            "min": -1.2516527661681176,
            "max": -0.9065466824087124,
            "count": 480
        },
        "MoveToTarget.Policy.ExtrinsicReward.sum": {
            "value": -96.36262208223343,
            "min": -125.16527661681175,
            "max": -89.77932840585709,
            "count": 480
        },
        "MoveToTarget.IsTraining.mean": {
            "value": 1.0,
            "min": 1.0,
            "max": 1.0,
            "count": 480
        },
        "MoveToTarget.IsTraining.sum": {
            "value": 1.0,
            "min": 1.0,
            "max": 1.0,
            "count": 480
        },
        "MoveToTarget.Losses.PolicyLoss.mean": {
            "value": 0.021286694711307064,
            "min": 0.014301996066630332,
            "max": 0.0378108205118527,
            "count": 466
        },
        "MoveToTarget.Losses.PolicyLoss.sum": {
            "value": 0.021286694711307064,
            "min": 0.014301996066630332,
            "max": 0.0378108205118527,
            "count": 466
        },
        "MoveToTarget.Losses.ValueLoss.mean": {
            "value": 0.010847047033409277,
            "min": 0.002056948037352413,
            "max": 0.05913143120706081,
            "count": 466
        },
        "MoveToTarget.Losses.ValueLoss.sum": {
            "value": 0.010847047033409277,
            "min": 0.002056948037352413,
            "max": 0.05913143120706081,
            "count": 466
        },
        "MoveToTarget.Policy.LearningRate.mean": {
            "value": 2.1174789250000406e-08,
            "min": 2.1174789250000406e-08,
            "max": 9.97855854775e-06,
            "count": 466
        },
        "MoveToTarget.Policy.LearningRate.sum": {
            "value": 2.1174789250000406e-08,
            "min": 2.1174789250000406e-08,
            "max": 9.97855854775e-06,
            "count": 466
        },
        "MoveToTarget.Policy.Epsilon.mean": {
            "value": 0.10021075000000002,
            "min": 0.10021075000000002,
            "max": 0.19978558333333332,
            "count": 466
        },
        "MoveToTarget.Policy.Epsilon.sum": {
            "value": 0.10021075000000002,
            "min": 0.10021075000000002,
            "max": 0.19978558333333332,
            "count": 466
        },
        "MoveToTarget.Policy.Beta.mean": {
            "value": 0.005000000000000001,
            "min": 0.005000000000000001,
            "max": 0.005000000000000001,
            "count": 466
        },
        "MoveToTarget.Policy.Beta.sum": {
            "value": 0.005000000000000001,
            "min": 0.005000000000000001,
            "max": 0.005000000000000001,
            "count": 466
        }
    },
    "metadata": {
        "timer_format_version": "0.1.0",
        "start_time_seconds": "1698977452",
        "python_version": "3.9.13 (main, Aug 12 2023, 09:56:37) \n[GCC 13.2.1 20230801]",
        "command_line_arguments": "/home/vitor/Documents/repos/SimuladorDeConducao/venv/bin/mlagents-learn config/carsimPPO.yaml --env=Build/CarSim --run-id=CarSimPPO1.1 --num-envs=8",
        "mlagents_version": "0.30.0",
        "mlagents_envs_version": "0.30.0",
        "communication_protocol_version": "1.5.0",
        "pytorch_version": "1.11.0+cpu",
        "numpy_version": "1.21.2",
        "end_time_seconds": "1698984317"
    },
    "total": 6864.394677406999,
    "count": 1,
    "self": 0.32353610699647106,
    "children": {
        "run_training.setup": {
            "total": 0.04145185900415527,
            "count": 1,
            "self": 0.04145185900415527
        },
        "TrainerController.start_learning": {
            "total": 6864.0296894409985,
            "count": 1,
            "self": 37.81516097138956,
            "children": {
                "TrainerController._reset_env": {
                    "total": 4.084152618997905,
                    "count": 1,
                    "self": 4.084152618997905
                },
                "TrainerController.advance": {
                    "total": 6822.084691419615,
                    "count": 1586614,
                    "self": 27.05767011678836,
                    "children": {
                        "env_step": {
                            "total": 5586.8050352874925,
                            "count": 1586614,
                            "self": 2244.9629723249745,
                            "children": {
                                "SubprocessEnvManager._take_step": {
                                    "total": 3306.794244504774,
                                    "count": 4800268,
                                    "self": 196.48595815446606,
                                    "children": {
                                        "TorchPolicy.evaluate": {
                                            "total": 3110.3082863503078,
                                            "count": 4800268,
                                            "self": 3110.3082863503078
                                        }
                                    }
                                },
                                "workers": {
                                    "total": 35.04781845774414,
                                    "count": 1586614,
                                    "self": 0.0,
                                    "children": {
                                        "worker_root": {
                                            "total": 54796.523771579654,
                                            "count": 4800264,
                                            "is_parallel": true,
                                            "self": 30522.0845835504,
                                            "children": {
                                                "run_training.setup": {
                                                    "total": 0.0,