{
    "name": "root",
    "gauges": {
        "MoveToTarget.Policy.Entropy.mean": {
            "value": 1.7957170009613037,
            "min": 1.7730493545532227,
            "max": 1.8524315357208252,
            "count": 100
        },
        "MoveToTarget.Policy.Entropy.sum": {
            "value": 17987.697265625,
            "min": 17731.19921875,
            "max": 18494.81640625,
            "count": 100
        },
        "MoveToTarget.Step.mean": {
            "value": 1999989.0,
            "min": 1009989.0,
            "max": 1999989.0,
            "count": 100
        },
        "MoveToTarget.Step.sum": {
            "value": 1999989.0,
            "min": 1009989.0,
            "max": 1999989.0,
            "count": 100
        },
        "MoveToTarget.Policy.ExtrinsicValueEstimate.mean": {
            "value": 0.08274606615304947,
            "min": -0.12954583764076233,
            "max": 0.1396855115890503,
            "count": 100
        },
        "MoveToTarget.Policy.ExtrinsicValueEstimate.sum": {
            "value": 22.837913513183594,
            "min": -33.81146240234375,
            "max": 39.95005798339844,
            "count": 100
        },
        "MoveToTarget.Environment.EpisodeLength.mean": {
            "value": 53.44021739130435,
            "min": 48.301980198019805,
            "max": 63.41935483870968,
            "count": 100
        },
        "MoveToTarget.Environment.EpisodeLength.sum": {
            "value": 9833.0,
            "min": 9740.0,
            "max": 9895.0,
            "count": 100
        },
        "MoveToTarget.Environment.CumulativeReward.mean": {
            "value": 0.3834849425551036,
            "min": -0.06909242723208324,
            "max": 0.6038053075007617,
            "count": 100
        },
        "MoveToTarget.Environment.CumulativeReward.sum": {
            "value": 70.56122943013906,
            "min": -10.847511075437069,
            "max": 122.57247742265463,
            "count": 100
        },
        "MoveToTarget.Policy.ExtrinsicReward.mean": {
            "value": 0.3834849425551036,
            "min": -0.06909242723208324,
            "max": 0.6038053075007617,
            "count": 100
        },
        "MoveToTarget.Policy.ExtrinsicReward.sum": {
            "value": 70.56122943013906,
            "min": -10.847511075437069,
            "max": 122.57247742265463,
            "count": 100
        },
        "MoveToTarget.IsTraining.mean": {
            "value": 1.0,
            "min": 1.0,
            "max": 1.0,
            "count": 100
        },
        "MoveToTarget.IsTraining.sum": {
            "value": 1.0,
            "min": 1.0,
            "max": 1.0,
            "count": 100
        },
        "MoveToTarget.Losses.PolicyLoss.mean": {
            "value": 0.024735004549165752,
            "min": 0.019531199900666252,
            "max": 0.029201975851901808,
            "count": 97
        },
        "MoveToTarget.Losses.PolicyLoss.sum": {
            "value": 0.024735004549165752,
            "min": 0.019531199900666252,
            "max": 0.029201975851901808,
            "count": 97
        },
        "MoveToTarget.Losses.ValueLoss.mean": {
            "value": 0.08260927256196737,
            "min": 0.03242316476535052,
            "max": 0.08737003803253174,
            "count": 97
        },
        "MoveToTarget.Losses.ValueLoss.sum": {
            "value": 0.08260927256196737,
            "min": 0.03242316476535052,
            "max": 0.08737003803253174,
            "count": 97
        },
        "MoveToTarget.Policy.LearningRate.mean": {
            "value": 2.1549785499999524e-08,
            "min": 2.1549785499999524e-08,
            "max": 4.948705513450001e-06,
            "count": 97
        },
        "MoveToTarget.Policy.LearningRate.sum": {
            "value": 2.1549785499999524e-08,
            "min": 2.1549785499999524e-08,
            "max": 4.948705513450001e-06,
            "count": 97
        },
        "MoveToTarget.Policy.Epsilon.mean": {
            "value": 0.09999999999999999,
            "min": 0.09999999999999999,
            "max": 0.09999999999999999,
            "count": 97
        },
        "MoveToTarget.Policy.Epsilon.sum": {
            "value": 0.09999999999999999,
            "min": 0.09999999999999999,
            "max": 0.09999999999999999,
            "count": 97
        },
        "MoveToTarget.Policy.Beta.mean": {
            "value": 1.2123549999999951e-05,
            "min": 1.2123549999999951e-05,
            "max": 0.000499916845,
            "count": 97
        },
        "MoveToTarget.Policy.Beta.sum": {
            "value": 1.2123549999999951e-05,
            "min": 1.2123549999999951e-05,
            "max": 0.000499916845,
            "count": 97
        }
    },
    "metadata": {
        "timer_format_version": "0.1.0",
        "start_time_seconds": "1699747828",
        "python_version": "3.9.13 (main, Aug 12 2023, 09:56:37) \n[GCC 13.2.1 20230801]",
        "command_line_arguments": "/home/vitor/Documents/repos/SimuladorDeConducao/venv/bin/mlagents-learn config/carsimPPO_fast.yaml --run-id=CarSimPPO3.0_Path8-2 --resume",
        "mlagents_version": "0.30.0",
        "mlagents_envs_version": "0.30.0",
        "communication_protocol_version": "1.5.0",
        "pytorch_version": "1.11.0+cpu",
        "numpy_version": "1.21.2",
        "end_time_seconds": "1699757161"
    },
    "total": 9333.408680929,
    "count": 1,
    "self": 0.00496802999987267,
    "children": {
        "run_training.setup": {
            "total": 0.02115969100000825,
            "count": 1,
            "self": 0.02115969100000825
        },
        "TrainerController.start_learning": {
            "total": 9333.382553208,
            "count": 1,
            "self": 14.517423570896426,
            "children": {
                "TrainerController._reset_env": {
                    "total": 5.089063406000008,
                    "count": 1,
                    "self": 5.089063406000008
                },
                "TrainerController.advance": {
                    "total": 9313.728505299105,
                    "count": 1016249,
                    "self": 13.670468008203898,
                    "children": {
                        "env_step": {
                            "total": 8605.93122227831,
                            "count": 1016249,
                            "self": 7972.964256392215,
                            "children": {
                                "SubprocessEnvManager._take_step": {
                                    "total": 624.1149835021812,
                                    "count": 1016249,
                                    "self": 34.77640276165437,
                                    "children": {
                                        "TorchPolicy.evaluate": {
                                            "total": 589.3385807405268,
                                            "count": 1000026,
                                            "self": 589.3385807405268
                                        }
                                    }
                                },
                                "workers": {
                                    "total": 8.851982383913253,
                                    "count": 1016249,
                                    "self": 0.0,
                                    "children": {
                                        "worker_root": {
                                            "total": 9315.934110942435,
                                            "count": 1016249,
                                            "is_parallel": true,
                                            "self": 1886.21547662789,
                                            "children": {
                                                "run_training.setup": {
                                                    "total": 0.0,