{
    "name": "root",
    "gauges": {
        "MoveToTarget.Policy.Entropy.mean": {
            "value": 0.8455864191055298,
            "min": 0.8445504903793335,
            "max": 1.5657991170883179,
            "count": 50
        },
        "MoveToTarget.Policy.Entropy.sum": {
            "value": 8442.3349609375,
            "min": 8431.9921875,
            "max": 15792.650390625,
            "count": 50
        },
        "MoveToTarget.Step.mean": {
            "value": 499968.0,
            "min": 9984.0,
            "max": 499968.0,
            "count": 50
        },
        "MoveToTarget.Step.sum": {
            "value": 499968.0,
            "min": 9984.0,
            "max": 499968.0,
            "count": 50
        },
        "MoveToTarget.Policy.ExtrinsicValueEstimate.mean": {
            "value": -0.0010703193256631494,
            "min": -1.077426552772522,
            "max": 0.00894188228994608,
            "count": 50
        },
        "MoveToTarget.Policy.ExtrinsicValueEstimate.sum": {
            "value": -0.16696980595588684,
            "min": -168.0785369873047,
            "max": 1.3949337005615234,
            "count": 50
        },
        "MoveToTarget.Losses.PolicyLoss.mean": {
            "value": 0.24603551134992285,
            "min": 0.23521842129384907,
            "max": 0.25240938066462354,
            "count": 50
        },
        "MoveToTarget.Losses.PolicyLoss.sum": {
            "value": 19.19076988529398,
            "min": 18.347036860920227,
            "max": 19.94034107250526,
            "count": 50
        },
        "MoveToTarget.Losses.ValueLoss.mean": {
            "value": 1.0669149694630084e-06,
            "min": 7.175340561480436e-14,
            "max": 0.17985494003572436,
            "count": 50
        },
        "MoveToTarget.Losses.ValueLoss.sum": {
            "value": 8.321936761811466e-05,
            "min": 5.668519043569544e-12,
            "max": 14.0286853227865,
            "count": 50
        },
        "MoveToTarget.Policy.LearningRate.mean": {
            "value": 2.976099008e-06,
            "min": 2.976099008e-06,
            "max": 0.00029696640101119996,
            "count": 50
        },
        "MoveToTarget.Policy.LearningRate.sum": {
            "value": 0.00023213572262399998,
            "min": 0.00023213572262399998,
            "max": 0.023163379278873596,
            "count": 50
        },
        "MoveToTarget.Policy.Epsilon.mean": {
            "value": 0.10099200000000001,
            "min": 0.10099200000000001,
            "max": 0.1989888,
            "count": 50
        },
        "MoveToTarget.Policy.Epsilon.sum": {
            "value": 7.877376000000001,
            "min": 7.877376000000001,
            "max": 15.5211264,
            "count": 50
        },
        "MoveToTarget.Policy.Beta.mean": {
            "value": 0.0005000000000000001,
            "min": 0.0005000000000000001,
            "max": 0.0005000000000000001,
            "count": 50
        },
        "MoveToTarget.Policy.Beta.sum": {
            "value": 0.03900000000000001,
            "min": 0.03900000000000001,
            "max": 0.03950000000000001,
            "count": 50
        },
        "MoveToTarget.IsTraining.mean": {
            "value": 1.0,
            "min": 1.0,
            "max": 1.0,
            "count": 50
        },
        "MoveToTarget.IsTraining.sum": {
            "value": 1.0,
            "min": 1.0,
            "max": 1.0,
            "count": 50
        }
    },
    "metadata": {
        "timer_format_version": "0.1.0",
        "start_time_seconds": "1687805284",
        "python_version": "3.9.13 (tags/v3.9.13:6de2ca5, May 17 2022, 16:36:42) [MSC v.1929 64 bit (AMD64)]",
        "command_line_arguments": "C:\\Users\\vitor\\SimuladorDeDirecao\\venv\\Scripts\\mlagents-learn config/carsim.yaml.txt --run-id=carsim1 --force",
        "mlagents_version": "0.30.0",
        "mlagents_envs_version": "0.30.0",
        "communication_protocol_version": "1.5.0",
        "pytorch_version": "1.7.1+cpu",
        "numpy_version": "1.21.2",
        "end_time_seconds": "1687808837"
    },
    "total": 3552.7962401,
    "count": 1,
    "self": 0.005655900000419933,
    "children": {
        "run_training.setup": {
            "total": 0.06144099999999997,
            "count": 1,
            "self": 0.06144099999999997
        },
        "TrainerController.start_learning": {
            "total": 3552.7291431999997,
            "count": 1,
            "self": 5.7648141999625295,
            "children": {
                "TrainerController._reset_env": {
                    "total": 4.8781065,
                    "count": 1,
                    "self": 4.8781065
                },
                "TrainerController.advance": {
                    "total": 3542.0461299000376,
                    "count": 500070,
                    "self": 5.136163199965722,
                    "children": {
                        "env_step": {
                            "total": 3029.252096399994,
                            "count": 500070,
                            "self": 2655.9347321998307,
                            "children": {
                                "SubprocessEnvManager._take_step": {
                                    "total": 369.68680670009877,
                                    "count": 500071,
                                    "self": 15.264966600147943,
                                    "children": {
                                        "TorchPolicy.evaluate": {
                                            "total": 354.4218400999508,
                                            "count": 500071,
                                            "self": 354.4218400999508
                                        }
                                    }
                                },
                                "workers": {
                                    "total": 3.6305575000646986,
                                    "count": 500070,
                                    "self": 0.0,
                                    "children": {
                                        "worker_root": {
                                            "total": 3486.496931600017,
                                            "count": 500070,
                                            "is_parallel": true,
                                            "self": 1127.488938999747,
                                            "children": {
                                                "steps_from_proto": {
                                                    "total": 0.0006430999999986753,
                                                    "count": 2,
                                                    "is_parallel": true,
                                                    "self": 0.0003114000000028483,
                                                    "children": {
                                                        "_process_rank_one_or_two_observation": {
                                                            "total": 0.000331699999995827,
                                                            "count": 8,
                                                            "is_parallel": true,
                                                            "self": 0.000331699999995827
                                                        }
                                                    }
                                                },
                                                "UnityEnvironment.step": {
                                                    "total": 2359.00734950027,
                                                    "count": 500070,
                                                    "is_parallel": true,
                                                    "self": 21.433270800323953,