{
    "name": "root",
    "gauges": {
        "MoveToTarget.Policy.Entropy.mean": {
            "value": 1.7384929656982422,
            "min": 1.7384929656982422,
            "max": 1.7384929656982422,
            "count": 1
        },
        "MoveToTarget.Policy.Entropy.sum": {
            "value": 17419.69921875,
            "min": 17419.69921875,
            "max": 17419.69921875,
            "count": 1
        },
        "MoveToTarget.Step.mean": {
            "value": 9975.0,
            "min": 9975.0,
            "max": 9975.0,
            "count": 1
        },
        "MoveToTarget.Step.sum": {
            "value": 9975.0,
            "min": 9975.0,
            "max": 9975.0,
            "count": 1
        },
        "MoveToTarget.Policy.ExtrinsicValueEstimate.mean": {
            "value": -1.7354514598846436,
            "min": -1.7354514598846436,
            "max": -1.7354514598846436,
            "count": 1
        },
        "MoveToTarget.Policy.ExtrinsicValueEstimate.sum": {
            "value": -341.8839416503906,
            "min": -341.8839416503906,
            "max": -341.8839416503906,
            "count": 1
        },
        "MoveToTarget.Losses.PolicyLoss.mean": {
            "value": 0.24949314236387732,
            "min": 0.24949314236387732,
            "max": 0.24949314236387732,
            "count": 1
        },
        "MoveToTarget.Losses.PolicyLoss.sum": {
            "value": 6.736314843824688,
            "min": 6.736314843824688,
            "max": 6.736314843824688,
            "count": 1
        },
        "MoveToTarget.Losses.ValueLoss.mean": {
            "value": 0.7691804970665085,
            "min": 0.7691804970665085,
            "max": 0.7691804970665085,
            "count": 1
        },
        "MoveToTarget.Losses.ValueLoss.sum": {
            "value": 20.76787342079573,
            "min": 20.76787342079573,
            "max": 20.76787342079573,
            "count": 1
        },
        "MoveToTarget.Policy.LearningRate.mean": {
            "value": 0.0002991638002787334,
            "min": 0.0002991638002787334,
            "max": 0.0002991638002787334,
            "count": 1
        },
        "MoveToTarget.Policy.LearningRate.sum": {
            "value": 0.008077422607525801,
            "min": 0.008077422607525801,
            "max": 0.008077422607525801,
            "count": 1
        },
        "MoveToTarget.Policy.Epsilon.mean": {
            "value": 0.19972126666666667,
            "min": 0.19972126666666667,
            "max": 0.19972126666666667,
            "count": 1
        },
        "MoveToTarget.Policy.Epsilon.sum": {
            "value": 5.3924742000000006,
            "min": 5.3924742000000006,
            "max": 5.3924742000000006,
            "count": 1
        },
        "MoveToTarget.Policy.Beta.mean": {
            "value": 0.0005000000000000002,
            "min": 0.0005000000000000002,
            "max": 0.0005000000000000002,
            "count": 1
        },
        "MoveToTarget.Policy.Beta.sum": {
            "value": 0.013500000000000005,
            "min": 0.013500000000000005,
            "max": 0.013500000000000005,
            "count": 1
        },
        "MoveToTarget.Environment.EpisodeLength.mean": {
            "value": 98.98947368421052,
            "min": 98.98947368421052,
            "max": 98.98947368421052,
            "count": 1
        },
        "MoveToTarget.Environment.EpisodeLength.sum": {
            "value": 9404.0,
            "min": 9404.0,
            "max": 9404.0,
            "count": 1
        },
        "MoveToTarget.Environment.CumulativeReward.mean": {
            "value": -2.0,
            "min": -2.0,
            "max": -2.0,
            "count": 1
        },
        "MoveToTarget.Environment.CumulativeReward.sum": {
            "value": -188.0,
            "min": -188.0,
            "max": -188.0,
            "count": 1
        },
        "MoveToTarget.Policy.ExtrinsicReward.mean": {
            "value": -2.0,
            "min": -2.0,
            "max": -2.0,
            "count": 1
        },
        "MoveToTarget.Policy.ExtrinsicReward.sum": {
            "value": -188.0,
            "min": -188.0,
            "max": -188.0,
            "count": 1
        },
        "MoveToTarget.IsTraining.mean": {
            "value": 1.0,
            "min": 1.0,
            "max": 1.0,
            "count": 1
        },
        "MoveToTarget.IsTraining.sum": {
            "value": 1.0,
            "min": 1.0,
            "max": 1.0,
            "count": 1
        }
    },
    "metadata": {
        "timer_format_version": "0.1.0",
        "start_time_seconds": "1691269591",
        "python_version": "3.9.13 (tags/v3.9.13:6de2ca5, May 17 2022, 16:36:42) [MSC v.1929 64 bit (AMD64)]",
        "command_line_arguments": "C:\\Users\\vitor\\SimuladorDeDirecao\\venv\\Scripts\\mlagents-learn config/carsim.yaml --run-id=CarSim5.2.1",
        "mlagents_version": "0.30.0",
        "mlagents_envs_version": "0.30.0",
        "communication_protocol_version": "1.5.0",
        "pytorch_version": "1.7.1+cpu",
        "numpy_version": "1.21.2",
        "end_time_seconds": "1691269662"
    },
    "total": 70.71694989999999,
    "count": 1,
    "self": 10.004041999999991,
    "children": {
        "run_training.setup": {
            "total": 0.06340319999999999,
            "count": 1,
            "self": 0.06340319999999999
        },
        "TrainerController.start_learning": {
            "total": 60.649504699999994,
            "count": 1,
            "self": 0.027506300000133876,
            "children": {
                "TrainerController._reset_env": {
                    "total": 4.8216532999999995,
                    "count": 1,
                    "self": 4.8216532999999995
                },
                "TrainerController.advance": {
                    "total": 55.73775519999986,
                    "count": 1984,
                    "self": 0.025216499999920927,
                    "children": {
                        "env_step": {
                            "total": 45.53047399999998,
                            "count": 1984,
                            "self": 43.772041699999875,
                            "children": {
                                "SubprocessEnvManager._take_step": {
                                    "total": 1.7418233000001457,
                                    "count": 1985,
                                    "self": 0.06812750000031897,
                                    "children": {
                                        "TorchPolicy.evaluate": {
                                            "total": 1.6736957999998268,
                                            "count": 1985,
                                            "self": 1.6736957999998268
                                        }
                                    }
                                },
                                "workers": {
                                    "total": 0.016608999999959906,
                                    "count": 1983,
                                    "self": 0.0,
                                    "children": {
                                        "worker_root": {
                                            "total": 30.929874600000034,
                                            "count": 1983,
                                            "is_parallel": true,
                                            "self": 13.223895600000112,
                                            "children": {
                                                "steps_from_proto": {
                                                    "total": 0.0006126999999995775,
                                                    "count": 2,
                                                    "is_parallel": true,
                                                    "self": 0.0003119999999983136,