{
    "name": "root",
    "gauges": {
        "MoveToTarget.Policy.Entropy.mean": {
            "value": 1.4040025472640991,
            "min": 1.4040025472640991,
            "max": 2.096311330795288,
            "count": 8
        },
        "MoveToTarget.Policy.Entropy.sum": {
            "value": 28102.515625,
            "min": 28102.515625,
            "max": 41926.2265625,
            "count": 8
        },
        "MoveToTarget.Environment.EpisodeLength.mean": {
            "value": 24.86046511627907,
            "min": 24.86046511627907,
            "max": 79.0,
            "count": 8
        },
        "MoveToTarget.Environment.EpisodeLength.sum": {
            "value": 19242.0,
            "min": 19218.0,
            "max": 19804.0,
            "count": 8
        },
        "MoveToTarget.Step.mean": {
            "value": 159991.0,
            "min": 19920.0,
            "max": 159991.0,
            "count": 8
        },
        "MoveToTarget.Step.sum": {
            "value": 159991.0,
            "min": 19920.0,
            "max": 159991.0,
            "count": 8
        },
        "MoveToTarget.Policy.ExtrinsicValueEstimate.mean": {
            "value": 1.241158127784729,
            "min": -0.12116942554712296,
            "max": 1.241158127784729,
            "count": 8
        },
        "MoveToTarget.Policy.ExtrinsicValueEstimate.sum": {
            "value": 960.6564331054688,
            "min": -30.53469467163086,
            "max": 960.6564331054688,
            "count": 8
        },
        "MoveToTarget.Environment.CumulativeReward.mean": {
            "value": 1.5727924306609833,
            "min": -0.6703664337296084,
            "max": 1.5727924306609833,
            "count": 8
        },
        "MoveToTarget.Environment.CumulativeReward.sum": {
            "value": 1217.3413413316011,
            "min": -166.92124199867249,
            "max": 1217.3413413316011,
            "count": 8
        },
        "MoveToTarget.Policy.ExtrinsicReward.mean": {
            "value": 1.5727924306609833,
            "min": -0.6703664337296084,
            "max": 1.5727924306609833,
            "count": 8
        },
        "MoveToTarget.Policy.ExtrinsicReward.sum": {
            "value": 1217.3413413316011,
            "min": -166.92124199867249,
            "max": 1217.3413413316011,
            "count": 8
        },
        "MoveToTarget.Losses.PolicyLoss.mean": {
            "value": 0.020606328737267178,
            "min": 0.020606328737267178,
            "max": 0.024886942301964154,
            "count": 8
        },
        "MoveToTarget.Losses.PolicyLoss.sum": {
            "value": 0.041212657474534356,
            "min": 0.024886942301964154,
            "max": 0.04859846013047786,
            "count": 8
        },
        "MoveToTarget.Losses.ValueLoss.mean": {
            "value": 0.0038537685235496607,
            "min": 0.0016996947051666211,
            "max": 0.08191626199986785,
            "count": 8
        },
        "MoveToTarget.Losses.ValueLoss.sum": {
            "value": 0.007707537047099321,
            "min": 0.0016996947051666211,
            "max": 0.1638325239997357,
            "count": 8
        },
        "MoveToTarget.Policy.LearningRate.mean": {
            "value": 7.01974298026e-05,
            "min": 7.01974298026e-05,
            "max": 9.7936002064e-05,
            "count": 8
        },
        "MoveToTarget.Policy.LearningRate.sum": {
            "value": 0.0001403948596052,
            "min": 9.7936002064e-05,
            "max": 0.00018968001032,
            "count": 8
        },
        "MoveToTarget.Policy.Epsilon.mean": {
            "value": 0.24039480000000002,
            "min": 0.24039480000000002,
            "max": 0.2958720000000001,
            "count": 8
        },
        "MoveToTarget.Policy.Epsilon.sum": {
            "value": 0.48078960000000004,
            "min": 0.2958720000000001,
            "max": 0.5793599999999999,
            "count": 8
        },
        "MoveToTarget.Policy.Beta.mean": {
            "value": 0.0010000000000000002,
            "min": 0.0010000000000000002,
            "max": 0.0010000000000000002,
            "count": 8
        },
        "MoveToTarget.Policy.Beta.sum": {
            "value": 0.0020000000000000005,
            "min": 0.0010000000000000002,
            "max": 0.0020000000000000005,
            "count": 8
        },
        "MoveToTarget.IsTraining.mean": {
            "value": 1.0,
            "min": 1.0,
            "max": 1.0,
            "count": 8
        },
        "MoveToTarget.IsTraining.sum": {
            "value": 1.0,
            "min": 1.0,
            "max": 1.0,
            "count": 8
        }
    },
    "metadata": {
        "timer_format_version": "0.1.0",
        "start_time_seconds": "1700012257",
        "python_version": "3.9.13 (main, Aug 12 2023, 09:56:37) \n[GCC 13.2.1 20230801]",
        "command_line_arguments": "/home/vitor/Documents/repos/SimuladorDeConducao/venv/bin/mlagents-learn config/carsimPPO.yaml --run-id=CarSimPPO3.1_Path13_test",
        "mlagents_version": "0.30.0",
        "mlagents_envs_version": "0.30.0",
        "communication_protocol_version": "1.5.0",
        "pytorch_version": "1.11.0+cpu",
        "numpy_version": "1.21.2",
        "end_time_seconds": "1700013862"
    },
    "total": 1605.4195939660058,
    "count": 1,
    "self": 0.0036879610124742612,
    "children": {
        "run_training.setup": {
            "total": 0.016225756997300778,
            "count": 1,
            "self": 0.016225756997300778
        },
        "TrainerController.start_learning": {
            "total": 1605.399680247996,
            "count": 1,
            "self": 2.0771522846553125,
            "children": {
                "TrainerController._reset_env": {
                    "total": 4.580178185999102,
                    "count": 1,
                    "self": 4.580178185999102
                },
                "TrainerController.advance": {
                    "total": 1598.6832261293384,
                    "count": 174838,
                    "self": 2.103831256798003,
                    "children": {
                        "env_step": {
                            "total": 1476.790348986433,
                            "count": 174838,
                            "self": 1381.18403220248,
                            "children": {
                                "SubprocessEnvManager._take_step": {
                                    "total": 94.31561767865787,
                                    "count": 174838,
                                    "self": 5.341331787218223,
                                    "children": {
                                        "TorchPolicy.evaluate": {
                                            "total": 88.97428589143965,
                                            "count": 171016,
                                            "self": 88.97428589143965
                                        }
                                    }
                                },
                                "workers": {
                                    "total": 1.2906991052950616,
                                    "count": 174837,
                                    "self": 0.0,
                                    "children": {
                                        "worker_root": {
                                            "total": 1602.771871235862,
                                            "count": 174837,
                                            "is_parallel": true,
                                            "self": 304.4462029363858,
                                            "children": {
                                                "run_training.setup": {
                                                    "total": 0.0,
                                                    "count": 0,
                                                    "is_parallel": true,